time,country,subject,measure,value
1994-Q1,CZE,B1_GE,VOBARSA,2639039.8
1994-Q2,CZE,B1_GE,GPSA,0.967110121
1994-Q2,CZE,B1_GE,VOBARSA,2664562.2
1994-Q3,CZE,B1_GE,GPSA,1.359144477
1994-Q3,CZE,B1_GE,VOBARSA,2700777.5
1994-Q4,CZE,B1_GE,GPSA,2.186255117
1994-Q4,CZE,B1_GE,VOBARSA,2759823.4
1995-Q1,CZE,B1_GE,CARSA,1518200.0
1995-Q1,CZE,B1_GE,CPCARSA,139180.0
1995-Q1,CZE,B1_GE,CQR,351523.0
1995-Q1,CZE,B1_GE,CQRSA,379550.0
1995-Q1,CZE,B1_GE,GPSA,1.708041588
1995-Q1,CZE,B1_GE,GYSA,6.363014593
1995-Q1,CZE,B1_GE,HCPCARSA,13470.8
1995-Q1,CZE,B1_GE,HVPVOBARSA,20998.4
1995-Q1,CZE,B1_GE,VOBARSA,2806962.3
1995-Q1,CZE,B1_GE,VPVOBARSA,216955.2
1995-Q2,CZE,B1_GE,CARSA,1568724.0
1995-Q2,CZE,B1_GE,CPCARSA,140889.7
1995-Q2,CZE,B1_GE,CQR,395804.0
1995-Q2,CZE,B1_GE,CQRSA,392181.0
1995-Q2,CZE,B1_GE,GPSA,0.395624855
1995-Q2,CZE,B1_GE,GYSA,5.760987897
1995-Q2,CZE,B1_GE,HCPCARSA,13637.6
1995-Q2,CZE,B1_GE,HVPVOBARSA,21083.5
1995-Q2,CZE,B1_GE,VOBARSA,2818067.3
1995-Q2,CZE,B1_GE,VPVOBARSA,217813.6
1995-Q3,CZE,B1_GE,CARSA,1627548.0
1995-Q3,CZE,B1_GE,CPCARSA,145344.1
1995-Q3,CZE,B1_GE,CQR,415364.0
1995-Q3,CZE,B1_GE,CQRSA,406887.0
1995-Q3,CZE,B1_GE,GPSA,2.919067488
1995-Q3,CZE,B1_GE,GYSA,7.38865553
1995-Q3,CZE,B1_GE,HCPCARSA,14068.7
1995-Q3,CZE,B1_GE,HVPVOBARSA,21698.9
1995-Q3,CZE,B1_GE,VOBARSA,2900328.6
1995-Q3,CZE,B1_GE,VPVOBARSA,224171.7
1995-Q4,CZE,B1_GE,CARSA,1665052.0
1995-Q4,CZE,B1_GE,CPCARSA,145052.4
1995-Q4,CZE,B1_GE,CQR,433615.0
1995-Q4,CZE,B1_GE,CQRSA,416263.0
1995-Q4,CZE,B1_GE,GPSA,-0.770604418
1995-Q4,CZE,B1_GE,GYSA,4.281259436
1995-Q4,CZE,B1_GE,HCPCARSA,14043.2
1995-Q4,CZE,B1_GE,HVPVOBARSA,21535.9
1995-Q4,CZE,B1_GE,VOBARSA,2877978.6
1995-Q4,CZE,B1_GE,VPVOBARSA,222444.2
1996-Q1,CZE,B1_GE,CARSA,1772128.0
1996-Q1,CZE,B1_GE,CPCARSA,149426.1
1996-Q1,CZE,B1_GE,CQR,409767.0
1996-Q1,CZE,B1_GE,CQRSA,443032.0
1996-Q1,CZE,B1_GE,DNBSA,60.1
1996-Q1,CZE,B1_GE,DOBSA,60.1
1996-Q1,CZE,B1_GE,GPSA,2.381026668
1996-Q1,CZE,B1_GE,GYSA,4.971271068
1996-Q1,CZE,B1_GE,HCPCARSA,14482.1
1996-Q1,CZE,B1_GE,HVPVOBARSA,22072.2
1996-Q1,CZE,B1_GE,LNBQR,691143.0
1996-Q1,CZE,B1_GE,LNBQRSA,736626.0
1996-Q1,CZE,B1_GE,VIXOBSA,63.7
1996-Q1,CZE,B1_GE,VOBARSA,2946504.0
1996-Q1,CZE,B1_GE,VPVOBARSA,227740.7
1996-Q2,CZE,B1_GE,CARSA,1809860.0
1996-Q2,CZE,B1_GE,CPCARSA,150650.6
1996-Q2,CZE,B1_GE,CQR,456980.0
1996-Q2,CZE,B1_GE,CQRSA,452465.0
1996-Q2,CZE,B1_GE,DNBSA,61.0
1996-Q2,CZE,B1_GE,DOBSA,61.0
1996-Q2,CZE,B1_GE,GPSA,0.707957634
1996-Q2,CZE,B1_GE,GYSA,5.297838773
1996-Q2,CZE,B1_GE,HCPCARSA,14605.0
1996-Q2,CZE,B1_GE,HVPVOBARSA,22234.9
1996-Q2,CZE,B1_GE,LNBQR,748659.0
1996-Q2,CZE,B1_GE,LNBQRSA,741841.0
1996-Q2,CZE,B1_GE,VIXOBSA,64.2
1996-Q2,CZE,B1_GE,VOBARSA,2967364.0
1996-Q2,CZE,B1_GE,VPVOBARSA,229353.0
1996-Q3,CZE,B1_GE,CARSA,1842232.0
1996-Q3,CZE,B1_GE,CPCARSA,151476.0
1996-Q3,CZE,B1_GE,CQR,472514.0
1996-Q3,CZE,B1_GE,CQRSA,460558.0
1996-Q3,CZE,B1_GE,DNBSA,61.8
1996-Q3,CZE,B1_GE,DOBSA,61.8
1996-Q3,CZE,B1_GE,GPSA,0.444569658
1996-Q3,CZE,B1_GE,GYSA,2.766147806
1996-Q3,CZE,B1_GE,HCPCARSA,14685.0
1996-Q3,CZE,B1_GE,HVPVOBARSA,22333.7
1996-Q3,CZE,B1_GE,LNBQR,763510.0
1996-Q3,CZE,B1_GE,LNBQRSA,745139.0
1996-Q3,CZE,B1_GE,VIXOBSA,64.4
1996-Q3,CZE,B1_GE,VOBARSA,2980556.0
1996-Q3,CZE,B1_GE,VPVOBARSA,230372.6
1996-Q4,CZE,B1_GE,CARSA,1886068.0
1996-Q4,CZE,B1_GE,CPCARSA,152444.7
1996-Q4,CZE,B1_GE,CQR,489994.0
1996-Q4,CZE,B1_GE,CQRSA,471517.0
1996-Q4,CZE,B1_GE,DNBSA,63.2
1996-Q4,CZE,B1_GE,DOBSA,63.2
1996-Q4,CZE,B1_GE,GPSA,0.096089454
1996-Q4,CZE,B1_GE,GYSA,3.66373254
1996-Q4,CZE,B1_GE,HCPCARSA,14783.2
1996-Q4,CZE,B1_GE,HVPVOBARSA,22361.7
1996-Q4,CZE,B1_GE,LNBQR,768341.0
1996-Q4,CZE,B1_GE,LNBQRSA,745855.0
1996-Q4,CZE,B1_GE,VIXOBSA,64.5
1996-Q4,CZE,B1_GE,VOBARSA,2983420.0
1996-Q4,CZE,B1_GE,VPVOBARSA,230594.0
1997-Q1,CZE,B1_GE,CARSA,1916276.0
1997-Q1,CZE,B1_GE,CPCARSA,152738.8
1997-Q1,CZE,B1_GE,CQR,441336.0
1997-Q1,CZE,B1_GE,CQRSA,479069.0
1997-Q1,CZE,B1_GE,DNBSA,64.5
1997-Q1,CZE,B1_GE,DOBSA,64.5
1997-Q1,CZE,B1_GE,GPSA,-0.410133337
1997-Q1,CZE,B1_GE,GYSA,0.8376028
1997-Q1,CZE,B1_GE,HCPCARSA,14820.4
1997-Q1,CZE,B1_GE,HVPVOBARSA,22283.0
1997-Q1,CZE,B1_GE,LNBQR,693871.0
1997-Q1,CZE,B1_GE,LNBQRSA,742796.0
1997-Q1,CZE,B1_GE,VIXOBSA,64.2
1997-Q1,CZE,B1_GE,VOBARSA,2971184.0
1997-Q1,CZE,B1_GE,VPVOBARSA,229648.2
1997-Q2,CZE,B1_GE,CARSA,1938652.0
1997-Q2,CZE,B1_GE,CPCARSA,152449.1
1997-Q2,CZE,B1_GE,CQR,491272.0
1997-Q2,CZE,B1_GE,CQRSA,484663.0
1997-Q2,CZE,B1_GE,DNBSA,65.4
1997-Q2,CZE,B1_GE,DOBSA,65.4
1997-Q2,CZE,B1_GE,GPSA,-0.303582679
1997-Q2,CZE,B1_GE,GYSA,-0.175239708
1997-Q2,CZE,B1_GE,HCPCARSA,14795.1
1997-Q2,CZE,B1_GE,HVPVOBARSA,22219.6
1997-Q2,CZE,B1_GE,LNBQR,749566.0
1997-Q2,CZE,B1_GE,LNBQRSA,740541.0
1997-Q2,CZE,B1_GE,VIXOBSA,64.0
1997-Q2,CZE,B1_GE,VOBARSA,2962164.0
1997-Q2,CZE,B1_GE,VPVOBARSA,228951.0
1997-Q3,CZE,B1_GE,CARSA,1976704.0
1997-Q3,CZE,B1_GE,CPCARSA,152207.5
1997-Q3,CZE,B1_GE,CQR,508163.0
1997-Q3,CZE,B1_GE,CQRSA,494176.0
1997-Q3,CZE,B1_GE,DNBSA,67.2
1997-Q3,CZE,B1_GE,DOBSA,67.2
1997-Q3,CZE,B1_GE,GPSA,-0.634806175
1997-Q3,CZE,B1_GE,GYSA,-1.24795508
1997-Q3,CZE,B1_GE,HCPCARSA,14771.7
1997-Q3,CZE,B1_GE,HVPVOBARSA,22078.6
1997-Q3,CZE,B1_GE,LNBQR,756433.0
1997-Q3,CZE,B1_GE,LNBQRSA,735840.0
1997-Q3,CZE,B1_GE,VIXOBSA,63.6
1997-Q3,CZE,B1_GE,VOBARSA,2943360.0
1997-Q3,CZE,B1_GE,VPVOBARSA,227497.6
1997-Q4,CZE,B1_GE,CARSA,2043280.0
1997-Q4,CZE,B1_GE,CPCARSA,152701.5
1997-Q4,CZE,B1_GE,CQR,530253.0
1997-Q4,CZE,B1_GE,CQRSA,510820.0
1997-Q4,CZE,B1_GE,DNBSA,69.6
1997-Q4,CZE,B1_GE,DOBSA,69.6
1997-Q4,CZE,B1_GE,GPSA,-0.222874538
1997-Q4,CZE,B1_GE,GYSA,-1.562636169
1997-Q4,CZE,B1_GE,HCPCARSA,14822.5
1997-Q4,CZE,B1_GE,HVPVOBARSA,22033.6
1997-Q4,CZE,B1_GE,LNBQR,756380.0
1997-Q4,CZE,B1_GE,LNBQRSA,734200.0
1997-Q4,CZE,B1_GE,VIXOBSA,63.5
1997-Q4,CZE,B1_GE,VOBARSA,2936800.0
1997-Q4,CZE,B1_GE,VPVOBARSA,226990.6
1998-Q1,CZE,B1_GE,CARSA,2098792.0
1998-Q1,CZE,B1_GE,CPCARSA,152943.9
1998-Q1,CZE,B1_GE,CQR,485040.0
1998-Q1,CZE,B1_GE,CQRSA,524698.0
1998-Q1,CZE,B1_GE,DNBSA,71.5
1998-Q1,CZE,B1_GE,DOBSA,71.5
1998-Q1,CZE,B1_GE,GPSA,-0.005992917
1998-Q1,CZE,B1_GE,GYSA,-1.163172661
1998-Q1,CZE,B1_GE,HCPCARSA,14853.3
1998-Q1,CZE,B1_GE,HVPVOBARSA,22043.0
1998-Q1,CZE,B1_GE,LNBQR,688207.0
1998-Q1,CZE,B1_GE,LNBQRSA,734156.0
1998-Q1,CZE,B1_GE,VIXOBSA,63.5
1998-Q1,CZE,B1_GE,VOBARSA,2936624.0
1998-Q1,CZE,B1_GE,VPVOBARSA,226977.0
1998-Q2,CZE,B1_GE,CARSA,2160316.0
1998-Q2,CZE,B1_GE,CPCARSA,153967.2
1998-Q2,CZE,B1_GE,CQR,546405.0
1998-Q2,CZE,B1_GE,CQRSA,540079.0
1998-Q2,CZE,B1_GE,DNBSA,73.4
1998-Q2,CZE,B1_GE,DOBSA,73.4
1998-Q2,CZE,B1_GE,GPSA,0.290401495
1998-Q2,CZE,B1_GE,GYSA,-0.574309863
1998-Q2,CZE,B1_GE,HCPCARSA,14955.5
1998-Q2,CZE,B1_GE,HVPVOBARSA,22111.3
1998-Q2,CZE,B1_GE,LNBQR,742212.0
1998-Q2,CZE,B1_GE,LNBQRSA,736288.0
1998-Q2,CZE,B1_GE,VIXOBSA,63.7
1998-Q2,CZE,B1_GE,VOBARSA,2945152.0
1998-Q2,CZE,B1_GE,VPVOBARSA,227636.2
1998-Q3,CZE,B1_GE,CARSA,2186248.0
1998-Q3,CZE,B1_GE,CPCARSA,154508.1
1998-Q3,CZE,B1_GE,CQR,560358.0
1998-Q3,CZE,B1_GE,CQRSA,546562.0
1998-Q3,CZE,B1_GE,DNBSA,74.3
1998-Q3,CZE,B1_GE,DOBSA,74.3
1998-Q3,CZE,B1_GE,GPSA,-0.030558694
1998-Q3,CZE,B1_GE,GYSA,0.030305501
1998-Q3,CZE,B1_GE,HCPCARSA,15008.1
1998-Q3,CZE,B1_GE,HVPVOBARSA,22104.6
1998-Q3,CZE,B1_GE,LNBQR,754156.0
1998-Q3,CZE,B1_GE,LNBQRSA,736063.0
1998-Q3,CZE,B1_GE,VIXOBSA,63.7
1998-Q3,CZE,B1_GE,VOBARSA,2944252.0
1998-Q3,CZE,B1_GE,VPVOBARSA,227566.6
1998-Q4,CZE,B1_GE,CARSA,2171692.0
1998-Q4,CZE,B1_GE,CPCARSA,154597.0
1998-Q4,CZE,B1_GE,CQR,564821.0
1998-Q4,CZE,B1_GE,CQRSA,542923.0
1998-Q4,CZE,B1_GE,DNBSA,73.7
1998-Q4,CZE,B1_GE,DOBSA,73.7
1998-Q4,CZE,B1_GE,GPSA,0.079476893
1998-Q4,CZE,B1_GE,GYSA,0.333424135
1998-Q4,CZE,B1_GE,HCPCARSA,15019.6
1998-Q4,CZE,B1_GE,HVPVOBARSA,22126.4
1998-Q4,CZE,B1_GE,LNBQR,761134.0
1998-Q4,CZE,B1_GE,LNBQRSA,736648.0
1998-Q4,CZE,B1_GE,VIXOBSA,63.7
1998-Q4,CZE,B1_GE,VOBARSA,2946592.0
1998-Q4,CZE,B1_GE,VPVOBARSA,227747.5
1999-Q1,CZE,B1_GE,CARSA,2190556.0
1999-Q1,CZE,B1_GE,CPCARSA,155535.4
1999-Q1,CZE,B1_GE,CQR,506463.0
1999-Q1,CZE,B1_GE,CQRSA,547639.0
1999-Q1,CZE,B1_GE,DNBSA,74.3
1999-Q1,CZE,B1_GE,DOBSA,74.3
1999-Q1,CZE,B1_GE,GPSA,0.06013727
1999-Q1,CZE,B1_GE,GYSA,0.399778794
1999-Q1,CZE,B1_GE,HCPCARSA,15122.5
1999-Q1,CZE,B1_GE,HVPVOBARSA,22157.0
1999-Q1,CZE,B1_GE,LNBQR,691767.0
1999-Q1,CZE,B1_GE,LNBQRSA,737091.0
1999-Q1,CZE,B1_GE,VIXOBSA,63.7
1999-Q1,CZE,B1_GE,VOBARSA,2948364.0
1999-Q1,CZE,B1_GE,VPVOBARSA,227884.4
1999-Q2,CZE,B1_GE,CARSA,2229616.0
1999-Q2,CZE,B1_GE,CPCARSA,156922.4
1999-Q2,CZE,B1_GE,CQR,566822.0
1999-Q2,CZE,B1_GE,CQRSA,557404.0
1999-Q2,CZE,B1_GE,DNBSA,75.3
1999-Q2,CZE,B1_GE,DOBSA,75.3
1999-Q2,CZE,B1_GE,GPSA,0.401035964
1999-Q2,CZE,B1_GE,GYSA,0.510533922
1999-Q2,CZE,B1_GE,HCPCARSA,15261.9
1999-Q2,CZE,B1_GE,HVPVOBARSA,22252.3
1999-Q2,CZE,B1_GE,LNBQR,749212.0
1999-Q2,CZE,B1_GE,LNBQRSA,740047.0
1999-Q2,CZE,B1_GE,VIXOBSA,64.0
1999-Q2,CZE,B1_GE,VOBARSA,2960188.0
1999-Q2,CZE,B1_GE,VPVOBARSA,228798.3
1999-Q3,CZE,B1_GE,CARSA,2259740.0
1999-Q3,CZE,B1_GE,CPCARSA,158562.2
1999-Q3,CZE,B1_GE,CQR,577201.0
1999-Q3,CZE,B1_GE,CQRSA,564935.0
1999-Q3,CZE,B1_GE,DNBSA,75.6
1999-Q3,CZE,B1_GE,DOBSA,75.6
1999-Q3,CZE,B1_GE,GPSA,0.95331783
1999-Q3,CZE,B1_GE,GYSA,1.499735756
1999-Q3,CZE,B1_GE,HCPCARSA,15419.8
1999-Q3,CZE,B1_GE,HVPVOBARSA,22462.3
1999-Q3,CZE,B1_GE,LNBQR,762930.0
1999-Q3,CZE,B1_GE,LNBQRSA,747102.0
1999-Q3,CZE,B1_GE,VIXOBSA,64.6
1999-Q3,CZE,B1_GE,VOBARSA,2988408.0
1999-Q3,CZE,B1_GE,VPVOBARSA,230979.5
1999-Q4,CZE,B1_GE,CARSA,2308996.0
1999-Q4,CZE,B1_GE,CPCARSA,160641.7
1999-Q4,CZE,B1_GE,CQR,602497.0
1999-Q4,CZE,B1_GE,CQRSA,577249.0
1999-Q4,CZE,B1_GE,DNBSA,76.4
1999-Q4,CZE,B1_GE,DOBSA,76.4
1999-Q4,CZE,B1_GE,GPSA,1.078567585
1999-Q4,CZE,B1_GE,GYSA,2.513004854
1999-Q4,CZE,B1_GE,HCPCARSA,15625.1
1999-Q4,CZE,B1_GE,HVPVOBARSA,22709.0
1999-Q4,CZE,B1_GE,LNBQR,782573.0
1999-Q4,CZE,B1_GE,LNBQRSA,755160.0
1999-Q4,CZE,B1_GE,VIXOBSA,65.3
1999-Q4,CZE,B1_GE,VOBARSA,3020640.0
1999-Q4,CZE,B1_GE,VPVOBARSA,233470.8
2000-Q1,CZE,B1_GE,CARSA,2320220.0
2000-Q1,CZE,B1_GE,CPCARSA,162370.8
2000-Q1,CZE,B1_GE,CQR,540690.0
2000-Q1,CZE,B1_GE,CQRSA,580055.0
2000-Q1,CZE,B1_GE,DNBSA,75.8
2000-Q1,CZE,B1_GE,DOBSA,75.8
2000-Q1,CZE,B1_GE,GPSA,1.338391864
2000-Q1,CZE,B1_GE,GYSA,3.822594496
2000-Q1,CZE,B1_GE,HCPCARSA,15804.1
2000-Q1,CZE,B1_GE,HVPVOBARSA,23028.6
2000-Q1,CZE,B1_GE,LNBQR,723434.0
2000-Q1,CZE,B1_GE,LNBQRSA,765267.0
2000-Q1,CZE,B1_GE,VIXOBSA,66.2
2000-Q1,CZE,B1_GE,VOBARSA,3061068.0
2000-Q1,CZE,B1_GE,VPVOBARSA,236595.5
2000-Q2,CZE,B1_GE,CARSA,2368760.0
2000-Q2,CZE,B1_GE,CPCARSA,164862.2
2000-Q2,CZE,B1_GE,CQR,598350.0
2000-Q2,CZE,B1_GE,CQRSA,592190.0
2000-Q2,CZE,B1_GE,DNBSA,76.6
2000-Q2,CZE,B1_GE,DOBSA,76.6
2000-Q2,CZE,B1_GE,GPSA,1.022126918
2000-Q2,CZE,B1_GE,GYSA,4.464851557
2000-Q2,CZE,B1_GE,HCPCARSA,16049.7
2000-Q2,CZE,B1_GE,HVPVOBARSA,23268.5
2000-Q2,CZE,B1_GE,LNBQR,777141.0
2000-Q2,CZE,B1_GE,LNBQRSA,773089.0
2000-Q2,CZE,B1_GE,VIXOBSA,66.9
2000-Q2,CZE,B1_GE,VOBARSA,3092356.0
2000-Q2,CZE,B1_GE,VPVOBARSA,239013.8
2000-Q3,CZE,B1_GE,CARSA,2416680.0
2000-Q3,CZE,B1_GE,CPCARSA,168363.1
2000-Q3,CZE,B1_GE,CQR,612979.0
2000-Q3,CZE,B1_GE,CQRSA,604170.0
2000-Q3,CZE,B1_GE,DNBSA,77.1
2000-Q3,CZE,B1_GE,DOBSA,77.1
2000-Q3,CZE,B1_GE,GPSA,1.32326291
2000-Q3,CZE,B1_GE,GYSA,4.84766471
2000-Q3,CZE,B1_GE,HCPCARSA,16390.5
2000-Q3,CZE,B1_GE,HVPVOBARSA,23576.4
2000-Q3,CZE,B1_GE,LNBQR,794715.0
2000-Q3,CZE,B1_GE,LNBQRSA,783319.0
2000-Q3,CZE,B1_GE,VIXOBSA,67.7
2000-Q3,CZE,B1_GE,VOBARSA,3133276.0
2000-Q3,CZE,B1_GE,VPVOBARSA,242176.6
2000-Q4,CZE,B1_GE,CARSA,2445064.0
2000-Q4,CZE,B1_GE,CPCARSA,171067.0
2000-Q4,CZE,B1_GE,CQR,634270.0
2000-Q4,CZE,B1_GE,CQRSA,611266.0
2000-Q4,CZE,B1_GE,DNBSA,77.7
2000-Q4,CZE,B1_GE,DOBSA,77.7
2000-Q4,CZE,B1_GE,GPSA,0.436093086
2000-Q4,CZE,B1_GE,GYSA,4.181233116
2000-Q4,CZE,B1_GE,HCPCARSA,16658.6
2000-Q4,CZE,B1_GE,HVPVOBARSA,23686.1
2000-Q4,CZE,B1_GE,LNBQR,810682.0
2000-Q4,CZE,B1_GE,LNBQRSA,786735.0
2000-Q4,CZE,B1_GE,VIXOBSA,68.0
2000-Q4,CZE,B1_GE,VOBARSA,3146940.0
2000-Q4,CZE,B1_GE,VPVOBARSA,243232.7
2001-Q1,CZE,B1_GE,CARSA,2508644.0
2001-Q1,CZE,B1_GE,CPCARSA,176131.3
2001-Q1,CZE,B1_GE,CQR,584472.0
2001-Q1,CZE,B1_GE,CQRSA,627161.0
2001-Q1,CZE,B1_GE,DNBSA,78.8
2001-Q1,CZE,B1_GE,DOBSA,78.8
2001-Q1,CZE,B1_GE,GPSA,1.15706051
2001-Q1,CZE,B1_GE,GYSA,3.994814882
2001-Q1,CZE,B1_GE,HCPCARSA,17215.5
2001-Q1,CZE,B1_GE,HVPVOBARSA,24049.2
2001-Q1,CZE,B1_GE,LNBQR,750924.0
2001-Q1,CZE,B1_GE,LNBQRSA,795838.0
2001-Q1,CZE,B1_GE,VIXOBSA,68.8
2001-Q1,CZE,B1_GE,VOBARSA,3183352.0
2001-Q1,CZE,B1_GE,VPVOBARSA,246047.1
2001-Q2,CZE,B1_GE,CARSA,2548776.0
2001-Q2,CZE,B1_GE,CPCARSA,179097.1
2001-Q2,CZE,B1_GE,CQR,643332.0
2001-Q2,CZE,B1_GE,CQRSA,637194.0
2001-Q2,CZE,B1_GE,DNBSA,79.8
2001-Q2,CZE,B1_GE,DOBSA,79.8
2001-Q2,CZE,B1_GE,GPSA,0.278322975
2001-Q2,CZE,B1_GE,GYSA,3.229123684
2001-Q2,CZE,B1_GE,HCPCARSA,17512.2
2001-Q2,CZE,B1_GE,HVPVOBARSA,24125.5
2001-Q2,CZE,B1_GE,LNBQR,801853.0
2001-Q2,CZE,B1_GE,LNBQRSA,798053.0
2001-Q2,CZE,B1_GE,VIXOBSA,69.0
2001-Q2,CZE,B1_GE,VOBARSA,3192212.0
2001-Q2,CZE,B1_GE,VPVOBARSA,246731.9
2001-Q3,CZE,B1_GE,CARSA,2610504.0
2001-Q3,CZE,B1_GE,CPCARSA,181750.7
2001-Q3,CZE,B1_GE,CQR,660930.0
2001-Q3,CZE,B1_GE,CQRSA,652626.0
2001-Q3,CZE,B1_GE,DNBSA,81.4
2001-Q3,CZE,B1_GE,DOBSA,81.4
2001-Q3,CZE,B1_GE,GPSA,0.459743902
2001-Q3,CZE,B1_GE,GYSA,2.349362137
2001-Q3,CZE,B1_GE,HCPCARSA,17782.1
2001-Q3,CZE,B1_GE,HVPVOBARSA,24250.7
2001-Q3,CZE,B1_GE,LNBQR,812765.0
2001-Q3,CZE,B1_GE,LNBQRSA,801722.0
2001-Q3,CZE,B1_GE,VIXOBSA,69.3
2001-Q3,CZE,B1_GE,VOBARSA,3206888.0
2001-Q3,CZE,B1_GE,VPVOBARSA,247866.2
2001-Q4,CZE,B1_GE,CARSA,2653244.0
2001-Q4,CZE,B1_GE,CPCARSA,183704.0
2001-Q4,CZE,B1_GE,CQR,690392.0
2001-Q4,CZE,B1_GE,CQRSA,663311.0
2001-Q4,CZE,B1_GE,DNBSA,82.2
2001-Q4,CZE,B1_GE,DOBSA,82.2
2001-Q4,CZE,B1_GE,GPSA,0.658083475
2001-Q4,CZE,B1_GE,GYSA,2.575581358
2001-Q4,CZE,B1_GE,HCPCARSA,17987.3
2001-Q4,CZE,B1_GE,HVPVOBARSA,24429.4
2001-Q4,CZE,B1_GE,LNBQR,834944.0
2001-Q4,CZE,B1_GE,LNBQRSA,806998.0
2001-Q4,CZE,B1_GE,VIXOBSA,69.8
2001-Q4,CZE,B1_GE,VOBARSA,3227992.0
2001-Q4,CZE,B1_GE,VPVOBARSA,249497.4
2002-Q1,CZE,B1_GE,CARSA,2653268.0
2002-Q1,CZE,B1_GE,CPCARSA,183269.5
2002-Q1,CZE,B1_GE,CQR,618724.0
2002-Q1,CZE,B1_GE,CQRSA,663317.0
2002-Q1,CZE,B1_GE,DNBSA,82.3
2002-Q1,CZE,B1_GE,DOBSA,82.3
2002-Q1,CZE,B1_GE,GPSA,-0.143123031
2002-Q1,CZE,B1_GE,GYSA,1.257165403
2002-Q1,CZE,B1_GE,HCPCARSA,17962.3
2002-Q1,CZE,B1_GE,HVPVOBARSA,24418.3
2002-Q1,CZE,B1_GE,LNBQR,758751.0
2002-Q1,CZE,B1_GE,LNBQRSA,805843.0
2002-Q1,CZE,B1_GE,VIXOBSA,69.7
2002-Q1,CZE,B1_GE,VOBARSA,3223372.0
2002-Q1,CZE,B1_GE,VPVOBARSA,249140.3
2002-Q2,CZE,B1_GE,CARSA,2695804.0
2002-Q2,CZE,B1_GE,CPCARSA,184863.5
2002-Q2,CZE,B1_GE,CQR,680530.0
2002-Q2,CZE,B1_GE,CQRSA,673951.0
2002-Q2,CZE,B1_GE,DNBSA,83.2
2002-Q2,CZE,B1_GE,DOBSA,83.2
2002-Q2,CZE,B1_GE,GPSA,0.483468864
2002-Q2,CZE,B1_GE,GYSA,1.464313774
2002-Q2,CZE,B1_GE,HCPCARSA,18122.1
2002-Q2,CZE,B1_GE,HVPVOBARSA,24541.2
2002-Q2,CZE,B1_GE,LNBQR,813504.0
2002-Q2,CZE,B1_GE,LNBQRSA,809739.0
2002-Q2,CZE,B1_GE,VIXOBSA,70.0
2002-Q2,CZE,B1_GE,VOBARSA,3238956.0
2002-Q2,CZE,B1_GE,VPVOBARSA,250344.8
2002-Q3,CZE,B1_GE,CARSA,2699900.0
2002-Q3,CZE,B1_GE,CPCARSA,186688.3
2002-Q3,CZE,B1_GE,CQR,688136.0
2002-Q3,CZE,B1_GE,CQRSA,674975.0
2002-Q3,CZE,B1_GE,DNBSA,82.9
2002-Q3,CZE,B1_GE,DOBSA,82.9
2002-Q3,CZE,B1_GE,GPSA,0.582162894
2002-Q3,CZE,B1_GE,GYSA,1.587956923
2002-Q3,CZE,B1_GE,HCPCARSA,18301.0
2002-Q3,CZE,B1_GE,HVPVOBARSA,24684.1
2002-Q3,CZE,B1_GE,LNBQR,832129.0
2002-Q3,CZE,B1_GE,LNBQRSA,814453.0
2002-Q3,CZE,B1_GE,VIXOBSA,70.4
2002-Q3,CZE,B1_GE,VOBARSA,3257812.0
2002-Q3,CZE,B1_GE,VPVOBARSA,251802.2
2002-Q4,CZE,B1_GE,CARSA,2711824.0
2002-Q4,CZE,B1_GE,CPCARSA,189490.5
2002-Q4,CZE,B1_GE,CQR,703592.0
2002-Q4,CZE,B1_GE,CQRSA,677956.0
2002-Q4,CZE,B1_GE,DNBSA,82.6
2002-Q4,CZE,B1_GE,DOBSA,82.6
2002-Q4,CZE,B1_GE,GPSA,0.716554546
2002-Q4,CZE,B1_GE,GYSA,1.646968146
2002-Q4,CZE,B1_GE,HCPCARSA,18572.0
2002-Q4,CZE,B1_GE,HVPVOBARSA,24856.1
2002-Q4,CZE,B1_GE,LNBQR,846345.0
2002-Q4,CZE,B1_GE,LNBQRSA,820289.0
2002-Q4,CZE,B1_GE,VIXOBSA,70.9
2002-Q4,CZE,B1_GE,VOBARSA,3281156.0
2002-Q4,CZE,B1_GE,VPVOBARSA,253606.5
2003-Q1,CZE,B1_GE,CARSA,2774140.0
2003-Q1,CZE,B1_GE,CPCARSA,193913.1
2003-Q1,CZE,B1_GE,CQR,649168.0
2003-Q1,CZE,B1_GE,CQRSA,693535.0
2003-Q1,CZE,B1_GE,DNBSA,83.7
2003-Q1,CZE,B1_GE,DOBSA,83.7
2003-Q1,CZE,B1_GE,GPSA,1.062308528
2003-Q1,CZE,B1_GE,GYSA,2.874008957
2003-Q1,CZE,B1_GE,HCPCARSA,19014.8
2003-Q1,CZE,B1_GE,HVPVOBARSA,25132.4
2003-Q1,CZE,B1_GE,LNBQR,781052.0
2003-Q1,CZE,B1_GE,LNBQRSA,829003.0
2003-Q1,CZE,B1_GE,VIXOBSA,71.7
2003-Q1,CZE,B1_GE,VOBARSA,3316012.0
2003-Q1,CZE,B1_GE,VPVOBARSA,256300.6
2003-Q2,CZE,B1_GE,CARSA,2817820.0
2003-Q2,CZE,B1_GE,CPCARSA,197509.8
2003-Q2,CZE,B1_GE,CQR,710392.0
2003-Q2,CZE,B1_GE,CQRSA,704455.0
2003-Q2,CZE,B1_GE,DNBSA,84.1
2003-Q2,CZE,B1_GE,DOBSA,84.1
2003-Q2,CZE,B1_GE,GPSA,1.063325464
2003-Q2,CZE,B1_GE,GYSA,3.467660567
2003-Q2,CZE,B1_GE,HCPCARSA,19365.6
2003-Q2,CZE,B1_GE,HVPVOBARSA,25397.2
2003-Q2,CZE,B1_GE,LNBQR,841848.0
2003-Q2,CZE,B1_GE,LNBQRSA,837818.0
2003-Q2,CZE,B1_GE,VIXOBSA,72.5
2003-Q2,CZE,B1_GE,VOBARSA,3351272.0
2003-Q2,CZE,B1_GE,VPVOBARSA,259025.9
2003-Q3,CZE,B1_GE,CARSA,2830844.0
2003-Q3,CZE,B1_GE,CPCARSA,200604.5
2003-Q3,CZE,B1_GE,CQR,721811.0
2003-Q3,CZE,B1_GE,CQRSA,707711.0
2003-Q3,CZE,B1_GE,DNBSA,83.7
2003-Q3,CZE,B1_GE,DOBSA,83.7
2003-Q3,CZE,B1_GE,GPSA,0.975629552
2003-Q3,CZE,B1_GE,GYSA,3.872414983
2003-Q3,CZE,B1_GE,HCPCARSA,19655.5
2003-Q3,CZE,B1_GE,HVPVOBARSA,25627.4
2003-Q3,CZE,B1_GE,LNBQR,865665.0
2003-Q3,CZE,B1_GE,LNBQRSA,845992.0
2003-Q3,CZE,B1_GE,VIXOBSA,73.2
2003-Q3,CZE,B1_GE,VOBARSA,3383968.0
2003-Q3,CZE,B1_GE,VPVOBARSA,261553.0
2003-Q4,CZE,B1_GE,CARSA,2867372.0
2003-Q4,CZE,B1_GE,CPCARSA,203675.2
2003-Q4,CZE,B1_GE,CQR,742081.0
2003-Q4,CZE,B1_GE,CQRSA,716843.0
2003-Q4,CZE,B1_GE,DNBSA,84.0
2003-Q4,CZE,B1_GE,DOBSA,84.0
2003-Q4,CZE,B1_GE,GPSA,0.932632933
2003-Q4,CZE,B1_GE,GYSA,4.095263986
2003-Q4,CZE,B1_GE,HCPCARSA,19946.7
2003-Q4,CZE,B1_GE,HVPVOBARSA,25853.7
2003-Q4,CZE,B1_GE,LNBQR,878660.0
2003-Q4,CZE,B1_GE,LNBQRSA,853882.0
2003-Q4,CZE,B1_GE,VIXOBSA,73.8
2003-Q4,CZE,B1_GE,VOBARSA,3415528.0
2003-Q4,CZE,B1_GE,VPVOBARSA,263992.4
2004-Q1,CZE,B1_GE,CARSA,2982400.0
2004-Q1,CZE,B1_GE,CPCARSA,207810.5
2004-Q1,CZE,B1_GE,CQR,700980.0
2004-Q1,CZE,B1_GE,CQRSA,745600.0
2004-Q1,CZE,B1_GE,DNBSA,86.5
2004-Q1,CZE,B1_GE,DOBSA,86.5
2004-Q1,CZE,B1_GE,GPSA,1.002831773
2004-Q1,CZE,B1_GE,GYSA,4.034002289
2004-Q1,CZE,B1_GE,HCPCARSA,20359.6
2004-Q1,CZE,B1_GE,HVPVOBARSA,26123.2
2004-Q1,CZE,B1_GE,LNBQR,815458.0
2004-Q1,CZE,B1_GE,LNBQRSA,862445.0
2004-Q1,CZE,B1_GE,VIXOBSA,74.6
2004-Q1,CZE,B1_GE,VOBARSA,3449780.0
2004-Q1,CZE,B1_GE,VPVOBARSA,266639.8
2004-Q2,CZE,B1_GE,CARSA,3011792.0
2004-Q2,CZE,B1_GE,CPCARSA,210816.6
2004-Q2,CZE,B1_GE,CQR,761353.0
2004-Q2,CZE,B1_GE,CQRSA,752948.0
2004-Q2,CZE,B1_GE,DNBSA,86.3
2004-Q2,CZE,B1_GE,DOBSA,86.3
2004-Q2,CZE,B1_GE,GPSA,1.217932738
2004-Q2,CZE,B1_GE,GYSA,4.193154122
2004-Q2,CZE,B1_GE,HCPCARSA,20656.1
2004-Q2,CZE,B1_GE,HVPVOBARSA,26444.0
2004-Q2,CZE,B1_GE,LNBQR,882136.0
2004-Q2,CZE,B1_GE,LNBQRSA,872949.0
2004-Q2,CZE,B1_GE,VIXOBSA,75.5
2004-Q2,CZE,B1_GE,VOBARSA,3491796.0
2004-Q2,CZE,B1_GE,VPVOBARSA,269887.3
2004-Q3,CZE,B1_GE,CARSA,3097336.0
2004-Q3,CZE,B1_GE,CPCARSA,214351.6
2004-Q3,CZE,B1_GE,CQR,781674.0
2004-Q3,CZE,B1_GE,CQRSA,774334.0
2004-Q3,CZE,B1_GE,DNBSA,87.4
2004-Q3,CZE,B1_GE,DOBSA,87.4
2004-Q3,CZE,B1_GE,GPSA,1.507189996
2004-Q3,CZE,B1_GE,GYSA,4.741652403
2004-Q3,CZE,B1_GE,HCPCARSA,20994.3
2004-Q3,CZE,B1_GE,HVPVOBARSA,26832.0
2004-Q3,CZE,B1_GE,LNBQR,897829.0
2004-Q3,CZE,B1_GE,LNBQRSA,886106.0
2004-Q3,CZE,B1_GE,VIXOBSA,76.6
2004-Q3,CZE,B1_GE,VOBARSA,3544424.0
2004-Q3,CZE,B1_GE,VPVOBARSA,273955.0
2004-Q4,CZE,B1_GE,CARSA,3203736.0
2004-Q4,CZE,B1_GE,CPCARSA,218465.4
2004-Q4,CZE,B1_GE,CQR,835200.0
2004-Q4,CZE,B1_GE,CQRSA,800934.0
2004-Q4,CZE,B1_GE,DNBSA,88.8
2004-Q4,CZE,B1_GE,DOBSA,88.8
2004-Q4,CZE,B1_GE,GPSA,1.819872566
2004-Q4,CZE,B1_GE,GYSA,5.662374895
2004-Q4,CZE,B1_GE,HCPCARSA,21382.5
2004-Q4,CZE,B1_GE,HVPVOBARSA,27301.6
2004-Q4,CZE,B1_GE,LNBQR,933909.0
2004-Q4,CZE,B1_GE,LNBQRSA,902232.0
2004-Q4,CZE,B1_GE,VIXOBSA,78.0
2004-Q4,CZE,B1_GE,VOBARSA,3608928.0
2004-Q4,CZE,B1_GE,VPVOBARSA,278940.6
2005-Q1,CZE,B1_GE,CARSA,3221628.0
2005-Q1,CZE,B1_GE,CPCARSA,220799.5
2005-Q1,CZE,B1_GE,CQR,756336.0
2005-Q1,CZE,B1_GE,CQRSA,805407.0
2005-Q1,CZE,B1_GE,DNBSA,87.7
2005-Q1,CZE,B1_GE,DOBSA,87.7
2005-Q1,CZE,B1_GE,GPSA,1.767283803
2005-Q1,CZE,B1_GE,GYSA,6.462093235
2005-Q1,CZE,B1_GE,HCPCARSA,21600.4
2005-Q1,CZE,B1_GE,HVPVOBARSA,27770.5
2005-Q1,CZE,B1_GE,LNBQR,866550.0
2005-Q1,CZE,B1_GE,LNBQRSA,918177.0
2005-Q1,CZE,B1_GE,VIXOBSA,79.4
2005-Q1,CZE,B1_GE,VOBARSA,3672708.0
2005-Q1,CZE,B1_GE,VPVOBARSA,283870.3
2005-Q2,CZE,B1_GE,CARSA,3248252.0
2005-Q2,CZE,B1_GE,CPCARSA,222950.6
2005-Q2,CZE,B1_GE,CQR,822654.0
2005-Q2,CZE,B1_GE,CQRSA,812063.0
2005-Q2,CZE,B1_GE,DNBSA,87.2
2005-Q2,CZE,B1_GE,DOBSA,87.2
2005-Q2,CZE,B1_GE,GPSA,1.417700509
2005-Q2,CZE,B1_GE,GYSA,6.672211091
2005-Q2,CZE,B1_GE,HCPCARSA,21798.1
2005-Q2,CZE,B1_GE,HVPVOBARSA,28147.7
2005-Q2,CZE,B1_GE,LNBQR,944282.0
2005-Q2,CZE,B1_GE,LNBQRSA,931194.0
2005-Q2,CZE,B1_GE,VIXOBSA,80.5
2005-Q2,CZE,B1_GE,VOBARSA,3724776.0
2005-Q2,CZE,B1_GE,VPVOBARSA,287894.7
2005-Q3,CZE,B1_GE,CARSA,3284936.0
2005-Q3,CZE,B1_GE,CPCARSA,226388.3
2005-Q3,CZE,B1_GE,CQR,828946.0
2005-Q3,CZE,B1_GE,CQRSA,821234.0
2005-Q3,CZE,B1_GE,DNBSA,86.8
2005-Q3,CZE,B1_GE,DOBSA,86.8
2005-Q3,CZE,B1_GE,GPSA,1.599666665
2005-Q3,CZE,B1_GE,GYSA,6.769393278
2005-Q3,CZE,B1_GE,HCPCARSA,22110.4
2005-Q3,CZE,B1_GE,HVPVOBARSA,28567.2
2005-Q3,CZE,B1_GE,LNBQR,957714.0
2005-Q3,CZE,B1_GE,LNBQRSA,946090.0
2005-Q3,CZE,B1_GE,VIXOBSA,81.8
2005-Q3,CZE,B1_GE,VOBARSA,3784360.0
2005-Q3,CZE,B1_GE,VPVOBARSA,292500.1
2005-Q4,CZE,B1_GE,CARSA,3374204.0
2005-Q4,CZE,B1_GE,CPCARSA,231432.1
2005-Q4,CZE,B1_GE,CQR,877665.0
2005-Q4,CZE,B1_GE,CQRSA,843551.0
2005-Q4,CZE,B1_GE,DNBSA,87.6
2005-Q4,CZE,B1_GE,DOBSA,87.6
2005-Q4,CZE,B1_GE,GPSA,1.836823135
2005-Q4,CZE,B1_GE,GYSA,6.787167824
2005-Q4,CZE,B1_GE,HCPCARSA,22578.7
2005-Q4,CZE,B1_GE,HVPVOBARSA,29060.8
2005-Q4,CZE,B1_GE,LNBQR,993779.0
2005-Q4,CZE,B1_GE,LNBQRSA,963468.0
2005-Q4,CZE,B1_GE,VIXOBSA,83.3
2005-Q4,CZE,B1_GE,VOBARSA,3853872.0
2005-Q4,CZE,B1_GE,VPVOBARSA,297872.8
2006-Q1,CZE,B1_GE,CARSA,3414628.0
2006-Q1,CZE,B1_GE,CPCARSA,235970.8
2006-Q1,CZE,B1_GE,CQR,806785.0
2006-Q1,CZE,B1_GE,CQRSA,853657.0
2006-Q1,CZE,B1_GE,DNBSA,87.0
2006-Q1,CZE,B1_GE,DOBSA,87.0
2006-Q1,CZE,B1_GE,GPSA,1.790510946
2006-Q1,CZE,B1_GE,GYSA,6.811540694
2006-Q1,CZE,B1_GE,HCPCARSA,23012.6
2006-Q1,CZE,B1_GE,HVPVOBARSA,29569.6
2006-Q1,CZE,B1_GE,LNBQR,931114.0
2006-Q1,CZE,B1_GE,LNBQRSA,980719.0
2006-Q1,CZE,B1_GE,VIXOBSA,84.8
2006-Q1,CZE,B1_GE,VOBARSA,3922876.0
2006-Q1,CZE,B1_GE,VPVOBARSA,303206.2
2006-Q2,CZE,B1_GE,CARSA,3491772.0
2006-Q2,CZE,B1_GE,CPCARSA,242320.2
2006-Q2,CZE,B1_GE,CQR,876087.0
2006-Q2,CZE,B1_GE,CQRSA,872943.0
2006-Q2,CZE,B1_GE,DNBSA,87.3
2006-Q2,CZE,B1_GE,DOBSA,87.3
2006-Q2,CZE,B1_GE,GPSA,2.008016567
2006-Q2,CZE,B1_GE,GYSA,7.433252362
2006-Q2,CZE,B1_GE,HCPCARSA,23613.3
2006-Q2,CZE,B1_GE,HVPVOBARSA,30139.8
2006-Q2,CZE,B1_GE,LNBQR,1005555.0
2006-Q2,CZE,B1_GE,LNBQRSA,1000412.0
2006-Q2,CZE,B1_GE,VIXOBSA,86.5
2006-Q2,CZE,B1_GE,VOBARSA,4001648.0
2006-Q2,CZE,B1_GE,VPVOBARSA,309294.7
2006-Q3,CZE,B1_GE,CARSA,3579240.0
2006-Q3,CZE,B1_GE,CPCARSA,247787.7
2006-Q3,CZE,B1_GE,CQR,900400.0
2006-Q3,CZE,B1_GE,CQRSA,894810.0
2006-Q3,CZE,B1_GE,DNBSA,88.4
2006-Q3,CZE,B1_GE,DOBSA,88.4
2006-Q3,CZE,B1_GE,GPSA,1.233091966
2006-Q3,CZE,B1_GE,GYSA,7.045629908
2006-Q3,CZE,B1_GE,HCPCARSA,24122.6
2006-Q3,CZE,B1_GE,HVPVOBARSA,30481.8
2006-Q3,CZE,B1_GE,LNBQR,1021884.0
2006-Q3,CZE,B1_GE,LNBQRSA,1012748.0
2006-Q3,CZE,B1_GE,VIXOBSA,87.6
2006-Q3,CZE,B1_GE,VOBARSA,4050992.0
2006-Q3,CZE,B1_GE,VPVOBARSA,313108.5
2006-Q4,CZE,B1_GE,CARSA,3646132.0
2006-Q4,CZE,B1_GE,CPCARSA,253021.7
2006-Q4,CZE,B1_GE,CQR,947609.0
2006-Q4,CZE,B1_GE,CQRSA,911533.0
2006-Q4,CZE,B1_GE,DNBSA,88.8
2006-Q4,CZE,B1_GE,DOBSA,88.8
2006-Q4,CZE,B1_GE,GPSA,1.313159838
2006-Q4,CZE,B1_GE,GYSA,6.495181988
2006-Q4,CZE,B1_GE,HCPCARSA,24603.4
2006-Q4,CZE,B1_GE,HVPVOBARSA,30846.0
2006-Q4,CZE,B1_GE,LNBQR,1058366.0
2006-Q4,CZE,B1_GE,LNBQRSA,1026047.0
2006-Q4,CZE,B1_GE,VIXOBSA,88.7
2006-Q4,CZE,B1_GE,VOBARSA,4104188.0
2006-Q4,CZE,B1_GE,VPVOBARSA,317220.2
2007-Q1,CZE,B1_GE,CARSA,3784880.0
2007-Q1,CZE,B1_GE,CPCARSA,261979.3
2007-Q1,CZE,B1_GE,CQR,891834.0
2007-Q1,CZE,B1_GE,CQRSA,946220.0
2007-Q1,CZE,B1_GE,DNBSA,90.7
2007-Q1,CZE,B1_GE,DOBSA,90.7
2007-Q1,CZE,B1_GE,GPSA,1.688129296
2007-Q1,CZE,B1_GE,GYSA,6.388068346
2007-Q1,CZE,B1_GE,HCPCARSA,25447.2
2007-Q1,CZE,B1_GE,HVPVOBARSA,31333.2
2007-Q1,CZE,B1_GE,LNBQR,987112.0
2007-Q1,CZE,B1_GE,LNBQRSA,1043368.0
2007-Q1,CZE,B1_GE,VIXOBSA,90.2
2007-Q1,CZE,B1_GE,VOBARSA,4173472.0
2007-Q1,CZE,B1_GE,VPVOBARSA,322575.2
2007-Q2,CZE,B1_GE,CARSA,3813028.0
2007-Q2,CZE,B1_GE,CPCARSA,266920.5
2007-Q2,CZE,B1_GE,CQR,956899.0
2007-Q2,CZE,B1_GE,CQRSA,953257.0
2007-Q2,CZE,B1_GE,DNBSA,90.6
2007-Q2,CZE,B1_GE,DOBSA,90.6
2007-Q2,CZE,B1_GE,GPSA,0.847543724
2007-Q2,CZE,B1_GE,GYSA,5.17776676
2007-Q2,CZE,B1_GE,HCPCARSA,25889.5
2007-Q2,CZE,B1_GE,HVPVOBARSA,31552.8
2007-Q2,CZE,B1_GE,LNBQR,1057329.0
2007-Q2,CZE,B1_GE,LNBQRSA,1052211.0
2007-Q2,CZE,B1_GE,VIXOBSA,91.0
2007-Q2,CZE,B1_GE,VOBARSA,4208844.0
2007-Q2,CZE,B1_GE,VPVOBARSA,325309.2
2007-Q3,CZE,B1_GE,CARSA,3905524.0
2007-Q3,CZE,B1_GE,CPCARSA,273857.6
2007-Q3,CZE,B1_GE,CQR,983203.0
2007-Q3,CZE,B1_GE,CQRSA,976381.0
2007-Q3,CZE,B1_GE,DNBSA,91.5
2007-Q3,CZE,B1_GE,DOBSA,91.5
2007-Q3,CZE,B1_GE,GPSA,1.427850498
2007-Q3,CZE,B1_GE,GYSA,5.380114303
2007-Q3,CZE,B1_GE,HCPCARSA,26503.2
2007-Q3,CZE,B1_GE,HVPVOBARSA,31932.1
2007-Q3,CZE,B1_GE,LNBQR,1077510.0
2007-Q3,CZE,B1_GE,LNBQRSA,1067235.0
2007-Q3,CZE,B1_GE,VIXOBSA,92.3
2007-Q3,CZE,B1_GE,VOBARSA,4268940.0
2007-Q3,CZE,B1_GE,VPVOBARSA,329954.1
2007-Q4,CZE,B1_GE,CARSA,3941572.0
2007-Q4,CZE,B1_GE,CPCARSA,279330.7
2007-Q4,CZE,B1_GE,CQR,1027597.0
2007-Q4,CZE,B1_GE,CQRSA,985393.0
2007-Q4,CZE,B1_GE,DNBSA,91.2
2007-Q4,CZE,B1_GE,DOBSA,91.2
2007-Q4,CZE,B1_GE,GPSA,1.239651998
2007-Q4,CZE,B1_GE,GYSA,5.30365568
2007-Q4,CZE,B1_GE,HCPCARSA,26970.2
2007-Q4,CZE,B1_GE,HVPVOBARSA,32253.0
2007-Q4,CZE,B1_GE,LNBQR,1118724.0
2007-Q4,CZE,B1_GE,LNBQRSA,1080465.0
2007-Q4,CZE,B1_GE,VIXOBSA,93.4
2007-Q4,CZE,B1_GE,VOBARSA,4321860.0
2007-Q4,CZE,B1_GE,VPVOBARSA,334044.4
2008-Q1,CZE,B1_GE,CARSA,3995868.0
2008-Q1,CZE,B1_GE,CPCARSA,283462.4
2008-Q1,CZE,B1_GE,CQR,938367.0
2008-Q1,CZE,B1_GE,CQRSA,998967.0
2008-Q1,CZE,B1_GE,DNBSA,92.0
2008-Q1,CZE,B1_GE,DOBSA,92.0
2008-Q1,CZE,B1_GE,GPSA,0.509873064
2008-Q1,CZE,B1_GE,GYSA,4.083506491
2008-Q1,CZE,B1_GE,HCPCARSA,27274.4
2008-Q1,CZE,B1_GE,HVPVOBARSA,32305.2
2008-Q1,CZE,B1_GE,LNBQR,1024205.0
2008-Q1,CZE,B1_GE,LNBQRSA,1085974.0
2008-Q1,CZE,B1_GE,VIXOBSA,93.9
2008-Q1,CZE,B1_GE,VOBARSA,4343896.0
2008-Q1,CZE,B1_GE,VPVOBARSA,335747.6
2008-Q2,CZE,B1_GE,CARSA,4060532.0
2008-Q2,CZE,B1_GE,CPCARSA,289267.2
2008-Q2,CZE,B1_GE,CQR,1022711.0
2008-Q2,CZE,B1_GE,CQRSA,1015133.0
2008-Q2,CZE,B1_GE,DNBSA,92.8
2008-Q2,CZE,B1_GE,DOBSA,92.8
2008-Q2,CZE,B1_GE,GPSA,0.686204274
2008-Q2,CZE,B1_GE,GYSA,3.916990033
2008-Q2,CZE,B1_GE,HCPCARSA,27763.4
2008-Q2,CZE,B1_GE,HVPVOBARSA,32445.7
2008-Q2,CZE,B1_GE,LNBQR,1102812.0
2008-Q2,CZE,B1_GE,LNBQRSA,1093426.0
2008-Q2,CZE,B1_GE,VIXOBSA,94.6
2008-Q2,CZE,B1_GE,VOBARSA,4373704.0
2008-Q2,CZE,B1_GE,VPVOBARSA,338051.5
2008-Q3,CZE,B1_GE,CARSA,4107112.0
2008-Q3,CZE,B1_GE,CPCARSA,295012.3
2008-Q3,CZE,B1_GE,CQR,1046195.0
2008-Q3,CZE,B1_GE,CQRSA,1026778.0
2008-Q3,CZE,B1_GE,DNBSA,93.7
2008-Q3,CZE,B1_GE,DOBSA,93.7
2008-Q3,CZE,B1_GE,GPSA,0.212268594
2008-Q3,CZE,B1_GE,GYSA,2.671576551
2008-Q3,CZE,B1_GE,HCPCARSA,28255.2
2008-Q3,CZE,B1_GE,HVPVOBARSA,32446.0
2008-Q3,CZE,B1_GE,LNBQR,1120895.0
2008-Q3,CZE,B1_GE,LNBQRSA,1095747.0
2008-Q3,CZE,B1_GE,VIXOBSA,94.8
2008-Q3,CZE,B1_GE,VOBARSA,4382988.0
2008-Q3,CZE,B1_GE,VPVOBARSA,338769.1
2008-Q4,CZE,B1_GE,CARSA,3990900.0
2008-Q4,CZE,B1_GE,CPCARSA,293209.8
2008-Q4,CZE,B1_GE,CQR,1035587.0
2008-Q4,CZE,B1_GE,CQRSA,997725.0
2008-Q4,CZE,B1_GE,DNBSA,92.8
2008-Q4,CZE,B1_GE,DOBSA,92.8
2008-Q4,CZE,B1_GE,GPSA,-1.891951335
2008-Q4,CZE,B1_GE,GYSA,-0.504319899
2008-Q4,CZE,B1_GE,HCPCARSA,28028.9
2008-Q4,CZE,B1_GE,HVPVOBARSA,31771.3
2008-Q4,CZE,B1_GE,LNBQR,1106685.0
2008-Q4,CZE,B1_GE,LNBQRSA,1075016.0
2008-Q4,CZE,B1_GE,VIXOBSA,93.0
2008-Q4,CZE,B1_GE,VOBARSA,4300064.0
2008-Q4,CZE,B1_GE,VPVOBARSA,332359.8
2009-Q1,CZE,B1_GE,CARSA,3993652.0
2009-Q1,CZE,B1_GE,CPCARSA,289402.9
2009-Q1,CZE,B1_GE,CQR,937723.0
2009-Q1,CZE,B1_GE,CQRSA,998413.0
2009-Q1,CZE,B1_GE,DNBSA,96.1
2009-Q1,CZE,B1_GE,DOBSA,96.1
2009-Q1,CZE,B1_GE,GPSA,-3.373717228
2009-Q1,CZE,B1_GE,GYSA,-4.348722898
2009-Q1,CZE,B1_GE,HCPCARSA,27630.6
2009-Q1,CZE,B1_GE,HVPVOBARSA,30661.3
2009-Q1,CZE,B1_GE,LNBQR,979385.0
2009-Q1,CZE,B1_GE,LNBQRSA,1038748.0
2009-Q1,CZE,B1_GE,VIXOBSA,89.8
2009-Q1,CZE,B1_GE,VOBARSA,4154992.0
2009-Q1,CZE,B1_GE,VPVOBARSA,321146.9
2009-Q2,CZE,B1_GE,CARSA,3945804.0
2009-Q2,CZE,B1_GE,CPCARSA,289832.0
2009-Q2,CZE,B1_GE,CQR,992356.0
2009-Q2,CZE,B1_GE,CQRSA,986451.0
2009-Q2,CZE,B1_GE,DNBSA,95.3
2009-Q2,CZE,B1_GE,DOBSA,95.3
2009-Q2,CZE,B1_GE,GPSA,-0.369001914
2009-Q2,CZE,B1_GE,GYSA,-5.35116231
2009-Q2,CZE,B1_GE,HCPCARSA,27639.9
2009-Q2,CZE,B1_GE,HVPVOBARSA,30513.2
2009-Q2,CZE,B1_GE,LNBQR,1041595.0
2009-Q2,CZE,B1_GE,LNBQRSA,1034915.0
2009-Q2,CZE,B1_GE,VIXOBSA,89.5
2009-Q2,CZE,B1_GE,VOBARSA,4139660.0
2009-Q2,CZE,B1_GE,VPVOBARSA,319961.9
2009-Q3,CZE,B1_GE,CARSA,3923988.0
2009-Q3,CZE,B1_GE,CPCARSA,291119.6
2009-Q3,CZE,B1_GE,CQR,994134.0
2009-Q3,CZE,B1_GE,CQRSA,980997.0
2009-Q3,CZE,B1_GE,DNBSA,94.4
2009-Q3,CZE,B1_GE,DOBSA,94.4
2009-Q3,CZE,B1_GE,GPSA,0.449505515
2009-Q3,CZE,B1_GE,GYSA,-5.127095945
2009-Q3,CZE,B1_GE,HCPCARSA,27733.6
2009-Q3,CZE,B1_GE,HVPVOBARSA,30618.3
2009-Q3,CZE,B1_GE,LNBQR,1057174.0
2009-Q3,CZE,B1_GE,LNBQRSA,1039567.0
2009-Q3,CZE,B1_GE,VIXOBSA,89.9
2009-Q3,CZE,B1_GE,VOBARSA,4158268.0
2009-Q3,CZE,B1_GE,VPVOBARSA,321400.1
2009-Q4,CZE,B1_GE,CARSA,3960248.0
2009-Q4,CZE,B1_GE,CPCARSA,290747.5
2009-Q4,CZE,B1_GE,CQR,1030107.0
2009-Q4,CZE,B1_GE,CQRSA,990062.0
2009-Q4,CZE,B1_GE,DNBSA,95.2
2009-Q4,CZE,B1_GE,DOBSA,95.2
2009-Q4,CZE,B1_GE,GPSA,0.083592496
2009-Q4,CZE,B1_GE,GYSA,-3.21669631
2009-Q4,CZE,B1_GE,HCPCARSA,27674.4
2009-Q4,CZE,B1_GE,HVPVOBARSA,30617.6
2009-Q4,CZE,B1_GE,LNBQR,1073635.0
2009-Q4,CZE,B1_GE,LNBQRSA,1040436.0
2009-Q4,CZE,B1_GE,VIXOBSA,90.0
2009-Q4,CZE,B1_GE,VOBARSA,4161744.0
2009-Q4,CZE,B1_GE,VPVOBARSA,321668.8
2010-Q1,CZE,B1_GE,CARSA,3940188.0
2010-Q1,CZE,B1_GE,CPCARSA,288831.3
2010-Q1,CZE,B1_GE,CQR,923738.0
2010-Q1,CZE,B1_GE,CQRSA,985047.0
2010-Q1,CZE,B1_GE,DNBSA,94.0
2010-Q1,CZE,B1_GE,DOBSA,94.0
2010-Q1,CZE,B1_GE,GPSA,0.694900984
2010-Q1,CZE,B1_GE,GYSA,0.858533542
2010-Q1,CZE,B1_GE,HCPCARSA,27486.8
2010-Q1,CZE,B1_GE,HVPVOBARSA,30824.5
2010-Q1,CZE,B1_GE,LNBQR,986320.0
2010-Q1,CZE,B1_GE,LNBQRSA,1047666.0
2010-Q1,CZE,B1_GE,VIXOBSA,90.6
2010-Q1,CZE,B1_GE,VOBARSA,4190664.0
2010-Q1,CZE,B1_GE,VPVOBARSA,323904.0
2010-Q2,CZE,B1_GE,CARSA,3999952.0
2010-Q2,CZE,B1_GE,CPCARSA,291036.9
2010-Q2,CZE,B1_GE,CQR,1012488.0
2010-Q2,CZE,B1_GE,CQRSA,999988.0
2010-Q2,CZE,B1_GE,DNBSA,94.3
2010-Q2,CZE,B1_GE,DOBSA,94.3
2010-Q2,CZE,B1_GE,GPSA,1.168693076
2010-Q2,CZE,B1_GE,GYSA,2.415174193
2010-Q2,CZE,B1_GE,HCPCARSA,27683.5
2010-Q2,CZE,B1_GE,HVPVOBARSA,31169.9
2010-Q2,CZE,B1_GE,LNBQR,1073488.0
2010-Q2,CZE,B1_GE,LNBQRSA,1059910.0
2010-Q2,CZE,B1_GE,VIXOBSA,91.7
2010-Q2,CZE,B1_GE,VOBARSA,4239640.0
2010-Q2,CZE,B1_GE,VPVOBARSA,327689.5
2010-Q3,CZE,B1_GE,CARSA,4016516.0
2010-Q3,CZE,B1_GE,CPCARSA,292784.1
2010-Q3,CZE,B1_GE,CQR,1014980.0
2010-Q3,CZE,B1_GE,CQRSA,1004129.0
2010-Q3,CZE,B1_GE,DNBSA,94.0
2010-Q3,CZE,B1_GE,DOBSA,94.0
2010-Q3,CZE,B1_GE,GPSA,0.788840562
2010-Q3,CZE,B1_GE,GYSA,2.761149594
2010-Q3,CZE,B1_GE,HCPCARSA,27825.9
2010-Q3,CZE,B1_GE,HVPVOBARSA,31388.9
2010-Q3,CZE,B1_GE,LNBQR,1082920.0
2010-Q3,CZE,B1_GE,LNBQRSA,1068271.0
2010-Q3,CZE,B1_GE,VIXOBSA,92.4
2010-Q3,CZE,B1_GE,VOBARSA,4273084.0
2010-Q3,CZE,B1_GE,VPVOBARSA,330274.4
2010-Q4,CZE,B1_GE,CARSA,3997948.0
2010-Q4,CZE,B1_GE,CPCARSA,295219.1
2010-Q4,CZE,B1_GE,CQR,1041664.0
2010-Q4,CZE,B1_GE,CQRSA,999487.0
2010-Q4,CZE,B1_GE,DNBSA,93.2
2010-Q4,CZE,B1_GE,DOBSA,93.2
2010-Q4,CZE,B1_GE,GPSA,0.408042529
2010-Q4,CZE,B1_GE,GYSA,3.094279706
2010-Q4,CZE,B1_GE,HCPCARSA,28033.3
2010-Q4,CZE,B1_GE,HVPVOBARSA,31490.1
2010-Q4,CZE,B1_GE,LNBQR,1110153.0
2010-Q4,CZE,B1_GE,LNBQRSA,1072630.0
2010-Q4,CZE,B1_GE,VIXOBSA,92.8
2010-Q4,CZE,B1_GE,VOBARSA,4290520.0
2010-Q4,CZE,B1_GE,VPVOBARSA,331622.1
2011-Q1,CZE,B1_GE,CARSA,4013748.0
2011-Q1,CZE,B1_GE,CPCARSA,300047.3
2011-Q1,CZE,B1_GE,CQR,942714.0
2011-Q1,CZE,B1_GE,CQRSA,1003437.0
2011-Q1,CZE,B1_GE,DNBSA,93.0
2011-Q1,CZE,B1_GE,DOBSA,93.0
2011-Q1,CZE,B1_GE,GPSA,0.581001837
2011-Q1,CZE,B1_GE,GYSA,2.977666546
2011-Q1,CZE,B1_GE,HCPCARSA,28605.9
2011-Q1,CZE,B1_GE,HVPVOBARSA,31799.9
2011-Q1,CZE,B1_GE,LNBQR,1018108.0
2011-Q1,CZE,B1_GE,LNBQRSA,1078862.0
2011-Q1,CZE,B1_GE,VIXOBSA,93.3
2011-Q1,CZE,B1_GE,VOBARSA,4315448.0
2011-Q1,CZE,B1_GE,VPVOBARSA,333548.8
2011-Q2,CZE,B1_GE,CARSA,4049028.0
2011-Q2,CZE,B1_GE,CPCARSA,304045.0
2011-Q2,CZE,B1_GE,CQR,1025544.0
2011-Q2,CZE,B1_GE,CQRSA,1012257.0
2011-Q2,CZE,B1_GE,DNBSA,93.5
2011-Q2,CZE,B1_GE,DOBSA,93.5
2011-Q2,CZE,B1_GE,GPSA,0.306804763
2011-Q2,CZE,B1_GE,GYSA,2.100367012
2011-Q2,CZE,B1_GE,HCPCARSA,28976.0
2011-Q2,CZE,B1_GE,HVPVOBARSA,31885.3
2011-Q2,CZE,B1_GE,LNBQR,1096931.0
2011-Q2,CZE,B1_GE,LNBQRSA,1082172.0
2011-Q2,CZE,B1_GE,VIXOBSA,93.6
2011-Q2,CZE,B1_GE,VOBARSA,4328688.0
2011-Q2,CZE,B1_GE,VPVOBARSA,334572.2
2011-Q3,CZE,B1_GE,CARSA,4074004.0
2011-Q3,CZE,B1_GE,CPCARSA,305955.7
2011-Q3,CZE,B1_GE,CQR,1029737.0
2011-Q3,CZE,B1_GE,CQRSA,1018501.0
2011-Q3,CZE,B1_GE,DNBSA,94.3
2011-Q3,CZE,B1_GE,DOBSA,94.3
2011-Q3,CZE,B1_GE,GPSA,-0.141936772
2011-Q3,CZE,B1_GE,GYSA,1.157477831
2011-Q3,CZE,B1_GE,HCPCARSA,29138.6
2011-Q3,CZE,B1_GE,HVPVOBARSA,31818.8
2011-Q3,CZE,B1_GE,LNBQR,1095107.0
2011-Q3,CZE,B1_GE,LNBQRSA,1080636.0
2011-Q3,CZE,B1_GE,VIXOBSA,93.5
2011-Q3,CZE,B1_GE,VOBARSA,4322544.0
2011-Q3,CZE,B1_GE,VPVOBARSA,334097.3
2011-Q4,CZE,B1_GE,CARSA,4096316.0
2011-Q4,CZE,B1_GE,CPCARSA,306351.3
2011-Q4,CZE,B1_GE,CQR,1064328.0
2011-Q4,CZE,B1_GE,CQRSA,1024079.0
2011-Q4,CZE,B1_GE,DNBSA,94.7
2011-Q4,CZE,B1_GE,DOBSA,94.7
2011-Q4,CZE,B1_GE,GPSA,0.093278403
2011-Q4,CZE,B1_GE,GYSA,0.840364338
2011-Q4,CZE,B1_GE,HCPCARSA,29159.7
2011-Q4,CZE,B1_GE,HVPVOBARSA,31830.3
2011-Q4,CZE,B1_GE,LNBQR,1117601.0
2011-Q4,CZE,B1_GE,LNBQRSA,1081644.0
2011-Q4,CZE,B1_GE,VIXOBSA,93.5
2011-Q4,CZE,B1_GE,VOBARSA,4326576.0
2011-Q4,CZE,B1_GE,VPVOBARSA,334408.9
2012-Q1,CZE,B1_GE,CARSA,4087864.0
2012-Q1,CZE,B1_GE,CPCARSA,305871.2
2012-Q1,CZE,B1_GE,CQR,963681.0
2012-Q1,CZE,B1_GE,CQRSA,1021966.0
2012-Q1,CZE,B1_GE,DNBSA,94.7
2012-Q1,CZE,B1_GE,DOBSA,94.7
2012-Q1,CZE,B1_GE,GPSA,-0.209865723
2012-Q1,CZE,B1_GE,GYSA,0.047457413
2012-Q1,CZE,B1_GE,HCPCARSA,29114.0
2012-Q1,CZE,B1_GE,HVPVOBARSA,31763.5
2012-Q1,CZE,B1_GE,LNBQR,1021244.0
2012-Q1,CZE,B1_GE,LNBQRSA,1079374.0
2012-Q1,CZE,B1_GE,VIXOBSA,93.3
2012-Q1,CZE,B1_GE,VOBARSA,4317496.0
2012-Q1,CZE,B1_GE,VPVOBARSA,333707.1
2012-Q2,CZE,B1_GE,CARSA,4086608.0
2012-Q2,CZE,B1_GE,CPCARSA,305592.7
2012-Q2,CZE,B1_GE,CQR,1029962.0
2012-Q2,CZE,B1_GE,CQRSA,1021652.0
2012-Q2,CZE,B1_GE,DNBSA,95.1
2012-Q2,CZE,B1_GE,DOBSA,95.1
2012-Q2,CZE,B1_GE,GPSA,-0.484540113
2012-Q2,CZE,B1_GE,GYSA,-0.741841408
2012-Q2,CZE,B1_GE,HCPCARSA,29081.9
2012-Q2,CZE,B1_GE,HVPVOBARSA,31603.6
2012-Q2,CZE,B1_GE,LNBQR,1082751.0
2012-Q2,CZE,B1_GE,LNBQRSA,1074144.0
2012-Q2,CZE,B1_GE,VIXOBSA,92.9
2012-Q2,CZE,B1_GE,VOBARSA,4296576.0
2012-Q2,CZE,B1_GE,VPVOBARSA,332090.2
2012-Q3,CZE,B1_GE,CARSA,4086296.0
2012-Q3,CZE,B1_GE,CPCARSA,307314.9
2012-Q3,CZE,B1_GE,CQR,1030184.0
2012-Q3,CZE,B1_GE,CQRSA,1021574.0
2012-Q3,CZE,B1_GE,DNBSA,95.4
2012-Q3,CZE,B1_GE,DOBSA,95.4
2012-Q3,CZE,B1_GE,GPSA,-0.341481217
2012-Q3,CZE,B1_GE,GYSA,-0.940187075
2012-Q3,CZE,B1_GE,HCPCARSA,29229.1
2012-Q3,CZE,B1_GE,HVPVOBARSA,31477.7
2012-Q3,CZE,B1_GE,LNBQR,1081959.0
2012-Q3,CZE,B1_GE,LNBQRSA,1070476.0
2012-Q3,CZE,B1_GE,VIXOBSA,92.6
2012-Q3,CZE,B1_GE,VOBARSA,4281904.0
2012-Q3,CZE,B1_GE,VPVOBARSA,330956.2
2012-Q4,CZE,B1_GE,CARSA,4090324.0
2012-Q4,CZE,B1_GE,CPCARSA,310894.3
2012-Q4,CZE,B1_GE,CQR,1065085.0
2012-Q4,CZE,B1_GE,CQRSA,1022581.0
2012-Q4,CZE,B1_GE,DNBSA,95.7
2012-Q4,CZE,B1_GE,DOBSA,95.7
2012-Q4,CZE,B1_GE,GPSA,-0.179359463
2012-Q4,CZE,B1_GE,GYSA,-1.210009948
2012-Q4,CZE,B1_GE,HCPCARSA,29561.1
2012-Q4,CZE,B1_GE,HVPVOBARSA,31412.2
2012-Q4,CZE,B1_GE,LNBQR,1107820.0
2012-Q4,CZE,B1_GE,LNBQRSA,1068556.0
2012-Q4,CZE,B1_GE,VIXOBSA,92.4
2012-Q4,CZE,B1_GE,VOBARSA,4274224.0
2012-Q4,CZE,B1_GE,VPVOBARSA,330362.5
2013-Q1,CZE,B1_GE,CARSA,4075268.0
2013-Q1,CZE,B1_GE,CPCARSA,314845.1
2013-Q1,CZE,B1_GE,CQR,955889.0
2013-Q1,CZE,B1_GE,CQRSA,1018817.0
2013-Q1,CZE,B1_GE,DNBSA,95.7
2013-Q1,CZE,B1_GE,DOBSA,95.7
2013-Q1,CZE,B1_GE,GPSA,-0.399230363
2013-Q1,CZE,B1_GE,GYSA,-1.397476686
2013-Q1,CZE,B1_GE,HCPCARSA,29945.3
2013-Q1,CZE,B1_GE,HVPVOBARSA,31295.8
2013-Q1,CZE,B1_GE,LNBQR,1000613.0
2013-Q1,CZE,B1_GE,LNBQRSA,1064290.0
2013-Q1,CZE,B1_GE,VIXOBSA,92.0
2013-Q1,CZE,B1_GE,VOBARSA,4257160.0
2013-Q1,CZE,B1_GE,VPVOBARSA,329043.6
2013-Q2,CZE,B1_GE,CARSA,4104816.0
2013-Q2,CZE,B1_GE,CPCARSA,320512.8
2013-Q2,CZE,B1_GE,CQR,1034830.0
2013-Q2,CZE,B1_GE,CQRSA,1026204.0
2013-Q2,CZE,B1_GE,DNBSA,96.1
2013-Q2,CZE,B1_GE,DOBSA,96.1
2013-Q2,CZE,B1_GE,GPSA,0.381005177
2013-Q2,CZE,B1_GE,GYSA,-0.539871749
2013-Q2,CZE,B1_GE,HCPCARSA,30493.1
2013-Q2,CZE,B1_GE,HVPVOBARSA,31424.0
2013-Q2,CZE,B1_GE,LNBQR,1076662.0
2013-Q2,CZE,B1_GE,LNBQRSA,1068345.0
2013-Q2,CZE,B1_GE,VIXOBSA,92.4
2013-Q2,CZE,B1_GE,VOBARSA,4273380.0
2013-Q2,CZE,B1_GE,VPVOBARSA,330297.3
2013-Q3,CZE,B1_GE,CARSA,4144032.0
2013-Q3,CZE,B1_GE,CPCARSA,326151.0
2013-Q3,CZE,B1_GE,CQR,1052330.0
2013-Q3,CZE,B1_GE,CQRSA,1036008.0
2013-Q3,CZE,B1_GE,DNBSA,96.6
2013-Q3,CZE,B1_GE,DOBSA,96.6
2013-Q3,CZE,B1_GE,GPSA,0.37965264
2013-Q3,CZE,B1_GE,GYSA,0.179826544
2013-Q3,CZE,B1_GE,HCPCARSA,31026.5
2013-Q3,CZE,B1_GE,HVPVOBARSA,31540.3
2013-Q3,CZE,B1_GE,LNBQR,1092263.0
2013-Q3,CZE,B1_GE,LNBQRSA,1072401.0
2013-Q3,CZE,B1_GE,VIXOBSA,92.7
2013-Q3,CZE,B1_GE,VOBARSA,4289604.0
2013-Q3,CZE,B1_GE,VPVOBARSA,331551.3
2013-Q4,CZE,B1_GE,CARSA,4242940.0
2013-Q4,CZE,B1_GE,CPCARSA,334498.9
2013-Q4,CZE,B1_GE,CQR,1099762.0
2013-Q4,CZE,B1_GE,CQRSA,1060735.0
2013-Q4,CZE,B1_GE,DNBSA,97.7
2013-Q4,CZE,B1_GE,DOBSA,97.7
2013-Q4,CZE,B1_GE,GPSA,1.234146555
2013-Q4,CZE,B1_GE,GYSA,1.598418801
2013-Q4,CZE,B1_GE,HCPCARSA,31814.6
2013-Q4,CZE,B1_GE,HVPVOBARSA,31923.4
2013-Q4,CZE,B1_GE,LNBQR,1122265.0
2013-Q4,CZE,B1_GE,LNBQRSA,1085636.0
2013-Q4,CZE,B1_GE,VIXOBSA,93.9
2013-Q4,CZE,B1_GE,VOBARSA,4342544.0
2013-Q4,CZE,B1_GE,VPVOBARSA,335643.1
2014-Q1,CZE,B1_GE,CARSA,4243652.0
2014-Q1,CZE,B1_GE,CPCARSA,335100.1
2014-Q1,CZE,B1_GE,CQR,997951.0
2014-Q1,CZE,B1_GE,CQRSA,1060913.0
2014-Q1,CZE,B1_GE,DNBSA,98.4
2014-Q1,CZE,B1_GE,DOBSA,98.4
2014-Q1,CZE,B1_GE,GPSA,-0.647823027
2014-Q1,CZE,B1_GE,GYSA,1.344840222
2014-Q1,CZE,B1_GE,HCPCARSA,31862.7
2014-Q1,CZE,B1_GE,HVPVOBARSA,31707.6
2014-Q1,CZE,B1_GE,LNBQR,1020669.0
2014-Q1,CZE,B1_GE,LNBQRSA,1078603.0
2014-Q1,CZE,B1_GE,VIXOBSA,93.3
2014-Q1,CZE,B1_GE,VOBARSA,4314412.0
2014-Q1,CZE,B1_GE,VPVOBARSA,333468.8
2014-Q2,CZE,B1_GE,CARSA,4311784.0
2014-Q2,CZE,B1_GE,CPCARSA,340576.6
2014-Q2,CZE,B1_GE,CQR,1088654.0
2014-Q2,CZE,B1_GE,CQRSA,1077946.0
2014-Q2,CZE,B1_GE,DNBSA,98.9
2014-Q2,CZE,B1_GE,DOBSA,98.9
2014-Q2,CZE,B1_GE,GPSA,1.046538903
2014-Q2,CZE,B1_GE,GYSA,2.016764248
2014-Q2,CZE,B1_GE,HCPCARSA,32368.0
2014-Q2,CZE,B1_GE,HVPVOBARSA,32024.2
2014-Q2,CZE,B1_GE,LNBQR,1101897.0
2014-Q2,CZE,B1_GE,LNBQRSA,1089891.0
2014-Q2,CZE,B1_GE,VIXOBSA,94.3
2014-Q2,CZE,B1_GE,VOBARSA,4359564.0
2014-Q2,CZE,B1_GE,VPVOBARSA,336958.6
2014-Q3,CZE,B1_GE,CARSA,4378592.0
2014-Q3,CZE,B1_GE,CPCARSA,344909.5
2014-Q3,CZE,B1_GE,CQR,1116501.0
2014-Q3,CZE,B1_GE,CQRSA,1094648.0
2014-Q3,CZE,B1_GE,DNBSA,99.3
2014-Q3,CZE,B1_GE,DOBSA,99.3
2014-Q3,CZE,B1_GE,GPSA,1.186540672
2014-Q3,CZE,B1_GE,GYSA,2.836811976
2014-Q3,CZE,B1_GE,HCPCARSA,32761.2
2014-Q3,CZE,B1_GE,HVPVOBARSA,32385.7
2014-Q3,CZE,B1_GE,LNBQR,1126687.0
2014-Q3,CZE,B1_GE,LNBQRSA,1102823.0
2014-Q3,CZE,B1_GE,VIXOBSA,95.4
2014-Q3,CZE,B1_GE,VOBARSA,4411292.0
2014-Q3,CZE,B1_GE,VPVOBARSA,340956.8
2014-Q4,CZE,B1_GE,CARSA,4444256.0
2014-Q4,CZE,B1_GE,CPCARSA,347374.2
2014-Q4,CZE,B1_GE,CQR,1142660.0
2014-Q4,CZE,B1_GE,CQRSA,1111064.0
2014-Q4,CZE,B1_GE,DNBSA,99.5
2014-Q4,CZE,B1_GE,DOBSA,99.5
2014-Q4,CZE,B1_GE,GPSA,1.230659861
2014-Q4,CZE,B1_GE,GYSA,2.833270083
2014-Q4,CZE,B1_GE,HCPCARSA,32970.2
2014-Q4,CZE,B1_GE,HVPVOBARSA,32759.4
2014-Q4,CZE,B1_GE,LNBQR,1139635.0
2014-Q4,CZE,B1_GE,LNBQRSA,1116395.0
2014-Q4,CZE,B1_GE,VIXOBSA,96.5
2014-Q4,CZE,B1_GE,VOBARSA,4465580.0
2014-Q4,CZE,B1_GE,VPVOBARSA,345152.8
2015-Q1,CZE,B1_GE,CARSA,4535364.0
2015-Q1,CZE,B1_GE,CPCARSA,349842.0
2015-Q1,CZE,B1_GE,CQR,1066579.0
2015-Q1,CZE,B1_GE,CQRSA,1133841.0
2015-Q1,CZE,B1_GE,DNBSA,99.8
2015-Q1,CZE,B1_GE,DOBSA,99.8
2015-Q1,CZE,B1_GE,GPSA,1.787718505
2015-Q1,CZE,B1_GE,GYSA,5.354147912
2015-Q1,CZE,B1_GE,HCPCARSA,33198.1
2015-Q1,CZE,B1_GE,HVPVOBARSA,33338.7
2015-Q1,CZE,B1_GE,LNBQR,1074120.0
2015-Q1,CZE,B1_GE,LNBQRSA,1136353.0
2015-Q1,CZE,B1_GE,VIXOBSA,98.3
2015-Q1,CZE,B1_GE,VOBARSA,4545412.0
2015-Q1,CZE,B1_GE,VPVOBARSA,351323.2
2015-Q2,CZE,B1_GE,CARSA,4605876.0
2015-Q2,CZE,B1_GE,CPCARSA,354945.6
2015-Q2,CZE,B1_GE,CQR,1163326.0
2015-Q2,CZE,B1_GE,CQRSA,1151469.0
2015-Q2,CZE,B1_GE,DNBSA,99.9
2015-Q2,CZE,B1_GE,DOBSA,99.9
2015-Q2,CZE,B1_GE,GPSA,1.433973422
2015-Q2,CZE,B1_GE,GYSA,5.758098746
2015-Q2,CZE,B1_GE,HCPCARSA,33676.1
2015-Q2,CZE,B1_GE,HVPVOBARSA,33810.3
2015-Q2,CZE,B1_GE,LNBQR,1165542.0
2015-Q2,CZE,B1_GE,LNBQRSA,1152648.0
2015-Q2,CZE,B1_GE,VIXOBSA,99.7
2015-Q2,CZE,B1_GE,VOBARSA,4610592.0
2015-Q2,CZE,B1_GE,VPVOBARSA,356361.0
2015-Q3,CZE,B1_GE,CARSA,4669472.0
2015-Q3,CZE,B1_GE,CPCARSA,360478.3
2015-Q3,CZE,B1_GE,CQR,1184154.0
2015-Q3,CZE,B1_GE,CQRSA,1167368.0
2015-Q3,CZE,B1_GE,DNBSA,100.2
2015-Q3,CZE,B1_GE,DOBSA,100.2
2015-Q3,CZE,B1_GE,GPSA,1.110226192
2015-Q3,CZE,B1_GE,GYSA,5.678336415
2015-Q3,CZE,B1_GE,HCPCARSA,34184.8
2015-Q3,CZE,B1_GE,HVPVOBARSA,34169.5
2015-Q3,CZE,B1_GE,LNBQR,1185771.0
2015-Q3,CZE,B1_GE,LNBQRSA,1165445.0
2015-Q3,CZE,B1_GE,VIXOBSA,100.8
2015-Q3,CZE,B1_GE,VOBARSA,4661780.0
2015-Q3,CZE,B1_GE,VPVOBARSA,360317.5
2015-Q4,CZE,B1_GE,CARSA,4699228.0
2015-Q4,CZE,B1_GE,CPCARSA,365469.6
2015-Q4,CZE,B1_GE,CQR,1211319.0
2015-Q4,CZE,B1_GE,CQRSA,1174807.0
2015-Q4,CZE,B1_GE,DNBSA,100.2
2015-Q4,CZE,B1_GE,DOBSA,100.2
2015-Q4,CZE,B1_GE,GPSA,0.651424992
2015-Q4,CZE,B1_GE,GYSA,5.073652247
2015-Q4,CZE,B1_GE,HCPCARSA,34638.4
2015-Q4,CZE,B1_GE,HVPVOBARSA,34372.5
2015-Q4,CZE,B1_GE,LNBQR,1199945.0
2015-Q4,CZE,B1_GE,LNBQRSA,1173037.0
2015-Q4,CZE,B1_GE,VIXOBSA,101.4
2015-Q4,CZE,B1_GE,VOBARSA,4692148.0
2015-Q4,CZE,B1_GE,VPVOBARSA,362664.7
2016-Q1,CZE,B1_GE,CARSA,4756644.0
2016-Q1,CZE,B1_GE,CPCARSA,371311.3
2016-Q1,CZE,B1_GE,CQR,1114961.0
2016-Q1,CZE,B1_GE,CQRSA,1189161.0
2016-Q1,CZE,B1_GE,DNBSA,101.2
2016-Q1,CZE,B1_GE,DOBSA,101.2
2016-Q1,CZE,B1_GE,GPSA,0.1673434
2016-Q1,CZE,B1_GE,GYSA,3.400967833
2016-Q1,CZE,B1_GE,HCPCARSA,35175.4
2016-Q1,CZE,B1_GE,HVPVOBARSA,34413.8
2016-Q1,CZE,B1_GE,LNBQR,1106821.0
2016-Q1,CZE,B1_GE,LNBQRSA,1175000.0
2016-Q1,CZE,B1_GE,VIXOBSA,101.6
2016-Q1,CZE,B1_GE,VOBARSA,4700000.0
2016-Q1,CZE,B1_GE,VPVOBARSA,363271.6
2016-Q2,CZE,B1_GE,CARSA,4762436.0
2016-Q2,CZE,B1_GE,CPCARSA,378403.4
2016-Q2,CZE,B1_GE,CQR,1215075.0
2016-Q2,CZE,B1_GE,CQRSA,1190609.0
2016-Q2,CZE,B1_GE,DNBSA,101.0
2016-Q2,CZE,B1_GE,DOBSA,101.0
2016-Q2,CZE,B1_GE,GPSA,0.371914894
2016-Q2,CZE,B1_GE,GYSA,2.318314004
2016-Q2,CZE,B1_GE,HCPCARSA,35830.3
2016-Q2,CZE,B1_GE,HVPVOBARSA,34525.4
2016-Q2,CZE,B1_GE,LNBQR,1204265.0
2016-Q2,CZE,B1_GE,LNBQRSA,1179370.0
2016-Q2,CZE,B1_GE,VIXOBSA,102.0
2016-Q2,CZE,B1_GE,VOBARSA,4717480.0
2016-Q2,CZE,B1_GE,VPVOBARSA,364622.6
2016-Q3,CZE,B1_GE,CARSA,4810476.0
2016-Q3,CZE,B1_GE,CPCARSA,384824.1
2016-Q3,CZE,B1_GE,CQR,1216961.0
2016-Q3,CZE,B1_GE,CQRSA,1202619.0
2016-Q3,CZE,B1_GE,DNBSA,101.2
2016-Q3,CZE,B1_GE,DOBSA,101.2
2016-Q3,CZE,B1_GE,GPSA,0.730983491
2016-Q3,CZE,B1_GE,GYSA,1.934540025
2016-Q3,CZE,B1_GE,HCPCARSA,36410.6
2016-Q3,CZE,B1_GE,HVPVOBARSA,34751.4
2016-Q3,CZE,B1_GE,LNBQR,1206638.0
2016-Q3,CZE,B1_GE,LNBQRSA,1187991.0
2016-Q3,CZE,B1_GE,VIXOBSA,102.7
2016-Q3,CZE,B1_GE,VOBARSA,4751964.0
2016-Q3,CZE,B1_GE,VPVOBARSA,367287.9
2016-Q4,CZE,B1_GE,CARSA,4849612.0
2016-Q4,CZE,B1_GE,CPCARSA,390816.7
2016-Q4,CZE,B1_GE,CQR,1249876.0
2016-Q4,CZE,B1_GE,CQRSA,1212403.0
2016-Q4,CZE,B1_GE,DNBSA,101.2
2016-Q4,CZE,B1_GE,DOBSA,101.2
2016-Q4,CZE,B1_GE,GPSA,0.867009935
2016-Q4,CZE,B1_GE,GYSA,2.152873268
2016-Q4,CZE,B1_GE,HCPCARSA,36949.7
2016-Q4,CZE,B1_GE,HVPVOBARSA,35026.2
2016-Q4,CZE,B1_GE,LNBQR,1225013.0
2016-Q4,CZE,B1_GE,LNBQRSA,1198291.0
2016-Q4,CZE,B1_GE,VIXOBSA,103.6
2016-Q4,CZE,B1_GE,VOBARSA,4793164.0
2016-Q4,CZE,B1_GE,VPVOBARSA,370472.4
2017-Q1,CZE,B1_GE,CARSA,4947812.0
2017-Q1,CZE,B1_GE,CPCARSA,398886.7
2017-Q1,CZE,B1_GE,CQR,1168642.0
2017-Q1,CZE,B1_GE,CQRSA,1236953.0
2017-Q1,CZE,B1_GE,DNBSA,101.5
2017-Q1,CZE,B1_GE,DOBSA,101.5
2017-Q1,CZE,B1_GE,GPSA,1.663786175
2017-Q1,CZE,B1_GE,GYSA,3.678978723
2017-Q1,CZE,B1_GE,HCPCARSA,37709.1
2017-Q1,CZE,B1_GE,HVPVOBARSA,35605.6
2017-Q1,CZE,B1_GE,LNBQR,1156735.0
2017-Q1,CZE,B1_GE,LNBQRSA,1218228.0
2017-Q1,CZE,B1_GE,VIXOBSA,105.4
2017-Q1,CZE,B1_GE,VOBARSA,4872912.0
2017-Q1,CZE,B1_GE,VPVOBARSA,376636.2
2017-Q2,CZE,B1_GE,CARSA,5102680.0
2017-Q2,CZE,B1_GE,CPCARSA,410884.1
2017-Q2,CZE,B1_GE,CQR,1285296.0
2017-Q2,CZE,B1_GE,CQRSA,1275670.0
2017-Q2,CZE,B1_GE,DNBSA,102.0
2017-Q2,CZE,B1_GE,DOBSA,102.0
2017-Q2,CZE,B1_GE,GPSA,2.694979922
2017-Q2,CZE,B1_GE,GYSA,6.078584329
2017-Q2,CZE,B1_GE,HCPCARSA,38821.3
2017-Q2,CZE,B1_GE,HVPVOBARSA,36544.5
2017-Q2,CZE,B1_GE,LNBQR,1261315.0
2017-Q2,CZE,B1_GE,LNBQRSA,1251059.0
2017-Q2,CZE,B1_GE,VIXOBSA,108.2
2017-Q2,CZE,B1_GE,VOBARSA,5004236.0
2017-Q2,CZE,B1_GE,VPVOBARSA,386786.5
2017-Q3,CZE,B1_GE,CARSA,5175816.0
2017-Q3,CZE,B1_GE,CPCARSA,415483.2
2017-Q3,CZE,B1_GE,CQR,1305042.0
2017-Q3,CZE,B1_GE,CQRSA,1293954.0
2017-Q3,CZE,B1_GE,DNBSA,102.9
2017-Q3,CZE,B1_GE,DOBSA,102.9
2017-Q3,CZE,B1_GE,GPSA,0.510367617
2017-Q3,CZE,B1_GE,GYSA,5.846256411
2017-Q3,CZE,B1_GE,HCPCARSA,39215.0
2017-Q3,CZE,B1_GE,HVPVOBARSA,36692.8
2017-Q3,CZE,B1_GE,LNBQR,1273213.0
2017-Q3,CZE,B1_GE,LNBQRSA,1257444.0
2017-Q3,CZE,B1_GE,VIXOBSA,108.7
2017-Q3,CZE,B1_GE,VOBARSA,5029776.0
2017-Q3,CZE,B1_GE,VPVOBARSA,388760.5
2017-Q4,CZE,B1_GE,CARSA,5243192.0
2017-Q4,CZE,B1_GE,CPCARSA,422165.0
2017-Q4,CZE,B1_GE,CQR,1351763.0
2017-Q4,CZE,B1_GE,CQRSA,1310798.0
2017-Q4,CZE,B1_GE,DNBSA,103.4
2017-Q4,CZE,B1_GE,DOBSA,103.4
2017-Q4,CZE,B1_GE,GPSA,0.83582251
2017-Q4,CZE,B1_GE,GYSA,5.813529435
2017-Q4,CZE,B1_GE,HCPCARSA,39804.4
2017-Q4,CZE,B1_GE,HVPVOBARSA,36961.1
2017-Q4,CZE,B1_GE,LNBQR,1296613.0
2017-Q4,CZE,B1_GE,LNBQRSA,1267954.0
2017-Q4,CZE,B1_GE,VIXOBSA,109.7
2017-Q4,CZE,B1_GE,VOBARSA,5071816.0
2017-Q4,CZE,B1_GE,VPVOBARSA,392009.9
2018-Q1,CZE,B1_GE,CARSA,5317808.0
2018-Q1,CZE,B1_GE,CPCARSA,428443.4
2018-Q1,CZE,B1_GE,CQR,1247835.0
2018-Q1,CZE,B1_GE,CQRSA,1329452.0
2018-Q1,CZE,B1_GE,DNBSA,104.1
2018-Q1,CZE,B1_GE,DOBSA,104.1
2018-Q1,CZE,B1_GE,GPSA,0.677548239
2018-Q1,CZE,B1_GE,GYSA,4.787034939
2018-Q1,CZE,B1_GE,HCPCARSA,40373.5
2018-Q1,CZE,B1_GE,HVPVOBARSA,37190.5
2018-Q1,CZE,B1_GE,LNBQR,1205024.0
2018-Q1,CZE,B1_GE,LNBQRSA,1276545.0
2018-Q1,CZE,B1_GE,VIXOBSA,110.4
2018-Q1,CZE,B1_GE,VOBARSA,5106180.0
2018-Q1,CZE,B1_GE,VPVOBARSA,394665.9
2018-Q2,CZE,B1_GE,CARSA,5379148.0
2018-Q2,CZE,B1_GE,CPCARSA,435673.4
2018-Q2,CZE,B1_GE,CQR,1358981.0
2018-Q2,CZE,B1_GE,CQRSA,1344787.0
2018-Q2,CZE,B1_GE,DNBSA,104.6
2018-Q2,CZE,B1_GE,DOBSA,104.6
2018-Q2,CZE,B1_GE,GPSA,0.690379109
2018-Q2,CZE,B1_GE,GYSA,2.741597319
2018-Q2,CZE,B1_GE,HCPCARSA,41027.7
2018-Q2,CZE,B1_GE,HVPVOBARSA,37422.6
2018-Q2,CZE,B1_GE,LNBQR,1300687.0
2018-Q2,CZE,B1_GE,LNBQRSA,1285358.0
2018-Q2,CZE,B1_GE,VIXOBSA,111.2
2018-Q2,CZE,B1_GE,VOBARSA,5141432.0
2018-Q2,CZE,B1_GE,VPVOBARSA,397390.6
2018-Q3,CZE,B1_GE,CARSA,5450088.0
2018-Q3,CZE,B1_GE,CPCARSA,440727.0
2018-Q3,CZE,B1_GE,CQR,1374728.0
2018-Q3,CZE,B1_GE,CQRSA,1362522.0
2018-Q3,CZE,B1_GE,DNBSA,105.4
2018-Q3,CZE,B1_GE,DOBSA,105.4
2018-Q3,CZE,B1_GE,GPSA,0.532536461
2018-Q3,CZE,B1_GE,GYSA,2.764258289
2018-Q3,CZE,B1_GE,HCPCARSA,41449.0
2018-Q3,CZE,B1_GE,HVPVOBARSA,37572.4
2018-Q3,CZE,B1_GE,LNBQR,1307783.0
2018-Q3,CZE,B1_GE,LNBQRSA,1292203.0
2018-Q3,CZE,B1_GE,VIXOBSA,111.7
2018-Q3,CZE,B1_GE,VOBARSA,5168812.0
2018-Q3,CZE,B1_GE,VPVOBARSA,399506.9
2018-Q4,CZE,B1_GE,CARSA,5515728.0
2018-Q4,CZE,B1_GE,CPCARSA,446148.2
2018-Q4,CZE,B1_GE,CQR,1428121.0
2018-Q4,CZE,B1_GE,CQRSA,1378932.0
2018-Q4,CZE,B1_GE,DNBSA,106.1
2018-Q4,CZE,B1_GE,DOBSA,106.1
2018-Q4,CZE,B1_GE,GPSA,0.56430762
2018-Q4,CZE,B1_GE,GYSA,2.48755081
2018-Q4,CZE,B1_GE,HCPCARSA,41907.6
2018-Q4,CZE,B1_GE,HVPVOBARSA,37738.2
2018-Q4,CZE,B1_GE,LNBQR,1333927.0
2018-Q4,CZE,B1_GE,LNBQRSA,1299495.0
2018-Q4,CZE,B1_GE,VIXOBSA,112.4
2018-Q4,CZE,B1_GE,VOBARSA,5197980.0
2018-Q4,CZE,B1_GE,VPVOBARSA,401761.3
2019-Q1,CZE,B1_GE,CARSA,5661204.0
2019-Q1,CZE,B1_GE,CPCARSA,451829.0
2019-Q1,CZE,B1_GE,CQR,1327625.0
2019-Q1,CZE,B1_GE,CQRSA,1415301.0
2019-Q1,CZE,B1_GE,DNBSA,108.2
2019-Q1,CZE,B1_GE,DOBSA,108.2
2019-Q1,CZE,B1_GE,GPSA,0.636016299
2019-Q1,CZE,B1_GE,GYSA,2.4452722
2019-Q1,CZE,B1_GE,HCPCARSA,42413.3
2019-Q1,CZE,B1_GE,HVPVOBARSA,37953.3
2019-Q1,CZE,B1_GE,LNBQR,1235582.0
2019-Q1,CZE,B1_GE,LNBQRSA,1307760.0
2019-Q1,CZE,B1_GE,VIXOBSA,113.1
2019-Q1,CZE,B1_GE,VOBARSA,5231040.0
2019-Q1,CZE,B1_GE,VPVOBARSA,404316.6
2019-Q2,CZE,B1_GE,CARSA,5724388.0
2019-Q2,CZE,B1_GE,CPCARSA,457615.1
2019-Q2,CZE,B1_GE,CQR,1441153.0
2019-Q2,CZE,B1_GE,CQRSA,1431097.0
2019-Q2,CZE,B1_GE,DNBSA,108.8
2019-Q2,CZE,B1_GE,DOBSA,108.8
2019-Q2,CZE,B1_GE,GPSA,0.53457821
2019-Q2,CZE,B1_GE,GYSA,2.286755908
2019-Q2,CZE,B1_GE,HCPCARSA,42920.2
2019-Q2,CZE,B1_GE,HVPVOBARSA,38124.0
2019-Q2,CZE,B1_GE,LNBQR,1327463.0
2019-Q2,CZE,B1_GE,LNBQRSA,1314751.0
2019-Q2,CZE,B1_GE,VIXOBSA,113.7
2019-Q2,CZE,B1_GE,VOBARSA,5259004.0
2019-Q2,CZE,B1_GE,VPVOBARSA,406478.0
2019-Q3,CZE,B1_GE,CARSA,5781324.0
2019-Q3,CZE,B1_GE,CPCARSA,461731.6
2019-Q3,CZE,B1_GE,CQR,1470589.0
2019-Q3,CZE,B1_GE,CQRSA,1445331.0
2019-Q3,CZE,B1_GE,DNBSA,109.4
2019-Q3,CZE,B1_GE,DOBSA,109.4
2019-Q3,CZE,B1_GE,GPSA,0.466019801
2019-Q3,CZE,B1_GE,GYSA,2.219078581
2019-Q3,CZE,B1_GE,HCPCARSA,43249.5
2019-Q3,CZE,B1_GE,HVPVOBARSA,38251.4
2019-Q3,CZE,B1_GE,LNBQR,1346567.0
2019-Q3,CZE,B1_GE,LNBQRSA,1320878.0
2019-Q3,CZE,B1_GE,VIXOBSA,114.2
2019-Q3,CZE,B1_GE,VOBARSA,5283512.0
2019-Q3,CZE,B1_GE,VPVOBARSA,408372.3
2019-Q4,CZE,B1_GE,CARSA,5838648.0
2019-Q4,CZE,B1_GE,CPCARSA,465440.5
2019-Q4,CZE,B1_GE,CQR,1509438.0
2019-Q4,CZE,B1_GE,CQRSA,1459662.0
2019-Q4,CZE,B1_GE,DNBSA,110.1
2019-Q4,CZE,B1_GE,DOBSA,110.1
2019-Q4,CZE,B1_GE,GPSA,0.383759893
2019-Q4,CZE,B1_GE,GYSA,2.035559968
2019-Q4,CZE,B1_GE,HCPCARSA,43543.9
2019-Q4,CZE,B1_GE,HVPVOBARSA,38351.5
2019-Q4,CZE,B1_GE,LNBQR,1356900.0
2019-Q4,CZE,B1_GE,LNBQRSA,1325947.0
2019-Q4,CZE,B1_GE,VIXOBSA,114.7
2019-Q4,CZE,B1_GE,VOBARSA,5303788.0
2019-Q4,CZE,B1_GE,VPVOBARSA,409939.4
2020-Q1,CZE,B1_GE,CARSA,5767904.0
2020-Q1,CZE,B1_GE,CPCARSA,453592.9
2020-Q1,CZE,B1_GE,CQR,1355905.0
2020-Q1,CZE,B1_GE,CQRSA,1441976.0
2020-Q1,CZE,B1_GE,DNBSA,112.2
2020-Q1,CZE,B1_GE,DOBSA,112.2
2020-Q1,CZE,B1_GE,GPSA,-3.101481432
2020-Q1,CZE,B1_GE,GYSA,-1.753915091
2020-Q1,CZE,B1_GE,HCPCARSA,42415.6
2020-Q1,CZE,B1_GE,HVPVOBARSA,37144.7
2020-Q1,CZE,B1_GE,LNBQR,1217829.0
2020-Q1,CZE,B1_GE,LNBQRSA,1284823.0
2020-Q1,CZE,B1_GE,VIXOBSA,111.1
2020-Q1,CZE,B1_GE,VOBARSA,5139292.0
2020-Q1,CZE,B1_GE,VPVOBARSA,397225.2
2020-Q2,CZE,B1_GE,CARSA,5319944.0
2020-Q2,CZE,B1_GE,CPCARSA,412737.9
2020-Q2,CZE,B1_GE,CQR,1340010.0
2020-Q2,CZE,B1_GE,CQRSA,1329986.0
2020-Q2,CZE,B1_GE,DNBSA,113.4
2020-Q2,CZE,B1_GE,DOBSA,113.4
2020-Q2,CZE,B1_GE,GPSA,-8.68049529
2020-Q2,CZE,B1_GE,GYSA,-10.75922361
2020-Q2,CZE,B1_GE,HCPCARSA,38588.1
2020-Q2,CZE,B1_GE,HVPVOBARSA,33914.0
2020-Q2,CZE,B1_GE,LNBQR,1186287.0
2020-Q2,CZE,B1_GE,LNBQRSA,1173294.0
2020-Q2,CZE,B1_GE,VIXOBSA,101.5
2020-Q2,CZE,B1_GE,VOBARSA,4693176.0
2020-Q2,CZE,B1_GE,VPVOBARSA,362744.1
2020-Q3,CZE,B1_GE,CARSA,5711128.0
2020-Q3,CZE,B1_GE,CPCARSA,444764.7
2020-Q3,CZE,B1_GE,CQR,1449985.0
2020-Q3,CZE,B1_GE,CQRSA,1427782.0
2020-Q3,CZE,B1_GE,DNBSA,113.9
2020-Q3,CZE,B1_GE,DOBSA,113.9
2020-Q3,CZE,B1_GE,GPSA,6.858383321
2020-Q3,CZE,B1_GE,GYSA,-5.081090002
2020-Q3,CZE,B1_GE,HCPCARSA,41555.1
2020-Q3,CZE,B1_GE,HVPVOBARSA,36216.2
2020-Q3,CZE,B1_GE,LNBQR,1275302.0
2020-Q3,CZE,B1_GE,LNBQRSA,1253763.0
2020-Q3,CZE,B1_GE,VIXOBSA,108.4
2020-Q3,CZE,B1_GE,VOBARSA,5015052.0
2020-Q3,CZE,B1_GE,VPVOBARSA,387622.5
2020-Q4,CZE,B1_GE,CARSA,5818452.0
2020-Q4,CZE,B1_GE,CPCARSA,450074.3
2020-Q4,CZE,B1_GE,CQR,1506501.0
2020-Q4,CZE,B1_GE,CQRSA,1454613.0
2020-Q4,CZE,B1_GE,DNBSA,115.3
2020-Q4,CZE,B1_GE,DOBSA,115.3
2020-Q4,CZE,B1_GE,GPSA,0.6285877
2020-Q4,CZE,B1_GE,GYSA,-4.849590519
2020-Q4,CZE,B1_GE,HCPCARSA,42023.7
2020-Q4,CZE,B1_GE,HVPVOBARSA,36420.1
2020-Q4,CZE,B1_GE,LNBQR,1292048.0
2020-Q4,CZE,B1_GE,LNBQRSA,1261644.0
2020-Q4,CZE,B1_GE,VIXOBSA,109.1
2020-Q4,CZE,B1_GE,VOBARSA,5046576.0
2020-Q4,CZE,B1_GE,VPVOBARSA,390059.0
